{
    "rmse": 0.3885916492481221,
    "mse": 0.15100346986537555,
    "mae": 0.3169000442968785
}