{
    "rmse": 0.381804046949946,
    "mse": 0.1457743302673566,
    "mae": 0.3111362177796075
}