{
    "rmse": 0.4301667615242183,
    "mse": 0.1850434427202337,
    "mae": 0.35036408029678734
}