{
    "rmse": 0.43865161333973945,
    "mse": 0.19241523788555628,
    "mae": 0.3552411246588525
}