{
    "AA85": 0.03247720704782971,
    "AA86": -0.004920072279597521,
    "AA87": 0.003042004785907908,
    "AA88": -0.020548692960877437,
    "AA89": 0.01611943519050989,
    "AA93": -0.001172199493855309,
    "AA94": -0.007641546625879367,
    "AA95": 0.007566862102141662,
    "AA96": -0.012663377052872718,
    "AA97": 0.004948580860771395,
    "AA98": 0.016300437009474478,
    "AA100": -0.005144802393186982,
    "AA101": -0.010183827016861055,
    "AA102": 0.003128832945880348,
    "AA103": 0.0053224931487817866,
    "AA104": 0.01717583436125838,
    "AA106": -0.004997855726360693,
    "AA107": 0.009541703842730514,
    "AA108": 0.009888761617359926,
    "AA109": -0.010692102599728238,
    "AA110": 0.0081488174945448,
    "AA112": -0.003270333196853262,
    "AA113": -0.004361256620985657,
    "AA114": -0.013181538546292667,
    "AA115": -0.0029020811038047833,
    "AA116": -0.008263985147735848,
    "AA118": -0.0037070246223479333,
    "AA119": -0.003586649149969574,
    "AA120": -0.004416508794740247,
    "AA121": -0.0037795173289028225,
    "AA122": 0.009391290684327206,
    "AA124": -0.006851085561535987,
    "AA125": -0.0019267609202725288,
    "AA126": -0.0011220194454333516,
    "AA127": 0.005878293679852942,
    "AA128": 0.0022876121368691042,
    "AA130": -0.0035941203016944855,
    "AA131": -0.001090142729982523,
    "AA132": 0.007281655317778994,
    "AA133": 0.007504682584575122,
    "AA134": 0.02021894615886879,
    "AA136": -0.0007210486534675409,
    "AA137": 0.0004379881989447937,
    "AA138": -0.0,
    "AA139": 0.00515567938043611,
    "AA140": 0.005650719422623174,
    "AA142": 0.0009377273541611708,
    "AA143": -0.01284857808609716,
    "AA144": -0.004745335325095436,
    "AA145": -0.0030194496960205186,
    "AA146": -0.007776535386585486,
    "AA147": 0.00464084235769018,
    "AA148": 0.010467515703903234,
    "AA149": 0.0033328867037462524,
    "AA150": 0.005771058795106001,
    "AA151": -0.011903352116838415,
    "AA152": 0.007565832137319629,
    "AA153": 0.0003414362814436291,
    "AA154": -0.007625092248549635,
    "AA155": -0.009627968929992074,
    "AA156": 0.0038021101231395602,
    "AA157": -0.006687296708793995,
    "AA158": -0.003649328509326572,
    "AA159": -0.0009885311217729049,
    "AA160": -0.004647779934782941,
    "AA161": 0.0007843356828751371,
    "AA162": 0.0023878177451603427,
    "AA1123": -0.0,
    "AA1124": 0.0026599664475825666,
    "AA1125": -0.004150327099580556,
    "AA1126": 0.011848077056788807,
    "AA1127": -0.010180903806024572,
    "AA1132": 0.0037218751538833496,
    "AA1133": -0.00041910794280640884,
    "AA1134": -0.0016702332072426674,
    "AA1135": -0.004807152923795985,
    "AA1136": -0.0006098101412769994,
    "AA1137": 0.003374302305327289,
    "AA1138": 0.0003223534478427905,
    "AA1139": -0.00019326104032950944,
    "AA1140": 0.011152999211605043,
    "AA1141": 0.010958362092574956,
    "AA1142": -0.005746982851212326,
    "AA1143": -0.0066119981860921495,
    "AA1144": -0.016957236818697895,
    "AA1145": 0.0002475031867804627,
    "AA1146": 0.00390613196745,
    "AA1147": 0.011805717541645552,
    "AA1148": -0.011535647244772877,
    "AA1149": 0.0011493758463063473,
    "AA1150": 0.0,
    "AA1151": 0.010613426457982359,
    "AA1152": 0.0043320078131195,
    "AA1153": 0.009474568185220526,
    "AA1157": -0.0011503955685715872,
    "AA1159": 0.0038316482393776037,
    "AA1160": 1.2532922801825672e-05,
    "AA1166": 0.003242775359901451,
    "AA1167": -0.0020699821176802862,
    "AA1172": 0.002697062440519217,
    "AA1173": -0.0016958634824384292,
    "AA1174": -0.0,
    "AA1175": -0.002500442742164915,
    "AA1176": 0.0032222827882051946,
    "AA1177": -0.002462771060810402,
    "AA1178": -0.00033768311250474524,
    "AA1179": -0.006791372969380621,
    "AA1180": 0.003233910537977916,
    "AA1181": 0.0,
    "AA1182": -0.005295389241178994,
    "AA1183": 0.0,
    "AA1184": 0.0,
    "AA1185": -0.0034442131565682274,
    "AA1186": -0.0,
    "AA1187": 0.004903367913803153,
    "AA1188": -0.0,
    "AA1189": -0.007965933062090437,
    "AA1190": -0.0072511609750098745,
    "AA1191": 0.00021697426358651954,
    "AA1192": -7.895229124718752e-06,
    "AA1193": -0.0,
    "AA1194": -0.0003365735609272404,
    "AA1293": 0.0,
    "AA1294": 0.0,
    "AA1295": -0.0026828010583721603,
    "AA1296": 0.0008808429483183443,
    "AA1297": 0.0020988159582313115,
    "AA1298": -0.0054520894573098526,
    "AA1300": 0.003215595617242131,
    "AA1301": 0.008429587022096983,
    "AA1302": -0.0014467281815062202,
    "AA1303": 0.0032600616750664045,
    "AA1304": -0.0015888860819543292,
    "AA1305": -0.002144122858568253,
    "AA1309": -0.0146276200947849,
    "AA1315": 0.0039442452631943846,
    "AA1316": 0.0064268942098819545,
    "AA1317": -0.001422256229029026,
    "AA1318": 0.004971487730852074,
    "AA1319": -0.0,
    "AA1320": -0.0,
    "AA1321": 0.00286148224745091,
    "AA1322": 0.0,
    "AA1323": 0.009918682831737852,
    "AA1324": 0.012023390835938447,
    "AA1325": -0.004000823117985484,
    "AA1326": 0.0009004849359262508,
    "AA1327": -0.0053501042306415775,
    "AA1328": -0.0,
    "AA1452": -2.737235660463915e-06,
    "AA1453": -0.007924259781607372,
    "AA1454": -0.0,
    "AA1455": 0.00585147957444795,
    "AA1456": -0.0011612616420675643,
    "AA1457": 0.0,
    "AA1458": -0.004668267507931175,
    "AA1459": -0.0047844053094664276,
    "AA1460": 0.0028502210913390826,
    "AA1461": -0.0012214278356755478,
    "AA1462": -0.0,
    "AA1463": 0.0015915296955079938,
    "AA1464": 0.0,
    "AA1465": -0.00021193444705205666,
    "AA1466": -9.906500928539358e-05,
    "AA1467": -0.00022176953576825403,
    "AA1468": -0.003015123253621559,
    "AA1469": 0.0025929771909551963,
    "AA1470": 0.001801454472567821,
    "AA1471": -0.0,
    "AA1472": 0.0,
    "AA1473": -0.0,
    "AA1474": 0.005035906777292227,
    "AA1475": 0.008222807666545203,
    "AA1476": 0.0010800000631631288,
    "AA1477": -0.0,
    "AA1478": 0.0068849288259880325,
    "AA1479": -0.0012672871956390574,
    "AA1480": -0.0008565381395677339,
    "AA1481": -0.0,
    "AA1482": -0.0,
    "AA1483": 0.00315438206902806,
    "AA1484": 0.007356002117428321,
    "AA1485": 0.0,
    "AA1486": 0.0,
    "AA1487": 0.0011013616092997373,
    "AA1488": 0.005911289222256682,
    "AA1527": -0.0032678444849566575,
    "AA1528": -0.0,
    "AA1529": -0.00849990179185138,
    "AA1530": 0.0,
    "AA1531": 0.0010000868638104202,
    "AA1532": -0.0,
    "AA1533": 0.0,
    "AA1534": -0.011394735433054096,
    "AA1535": 0.0,
    "AA1536": 0.0,
    "AA1537": -0.0,
    "AA1538": -0.0,
    "AA1539": -0.0010339422070226737,
    "AA1540": -0.004715166175634648,
    "AA1541": 0.0,
    "AA1545": 0.0,
    "AA1546": 0.0021850047286245534,
    "AA1547": -0.0,
    "AA1548": -0.0,
    "AA1549": 0.003636428903788966,
    "AA1550": 0.00020564132552484724,
    "AA1551": 0.0213134531751435,
    "AA1552": 0.0028479812652457376,
    "AA1553": 0.002834938142543363,
    "AA1554": -0.0,
    "AA1555": 0.0,
    "AA1556": 0.012103984674599524,
    "AA1557": 0.003111229194582022,
    "AA1558": -0.0039444659033194985,
    "AA1559": -0.01654520857171724,
    "AA1560": 0.004434867870732035,
    "AA1561": 0.005777554169462627,
    "AA1562": 0.0,
    "AA1563": -0.0,
    "AA1564": 0.004059985089299821,
    "AA1565": 0.002146411996970952,
    "AA1566": 0.012282392049234807,
    "AA1567": 0.0,
    "AA1568": 0.0,
    "AA1569": 0.0,
    "AA1570": -0.006024179788770292,
    "AA1571": 0.005896924232944641,
    "AA1572": -0.0012245783757322247,
    "AA1573": 0.008923365175155351,
    "AA1574": -0.0041686357627772385,
    "AA1575": -0.0,
    "AA1576": 0.0033022109791970055,
    "AA1577": 0.004020469688765233,
    "AA1578": -0.0,
    "AA1579": -0.0,
    "CC909": -0.0006471959526612415,
    "CC910": -0.0007045254309838107,
    "CC911": 0.0,
    "CC912": 0.0,
    "CC913": -0.0015080775093884579,
    "CC914": 0.0,
    "CC915": 0.0,
    "CC917": 0.008465917295827897,
    "CC918": 0.0011796859266306778,