{
    "mse": 0.08970916385835116,
    "rmse": 0.29951488086295674,
    "mae": 0.21181947313529775
}