{
    "Unnamed: 0": 0.0005039575330786769,
    "AA1572": -0.024417682713004037,
    "AA1577": -0.0,
    "AA1579": 0.015431004399679198,
    "AA1532": -0.020435386994321268,
    "AA1533": -0.0005767586782407464,
    "AA1534": -0.020499714207670924,
    "AA1535": 0.002047118007833451,
    "AA1536": -0.045116730574932956,
    "AA1537": -0.00617118744150862,
    "AA1538": 0.0021265433418345696,
    "AA1539": 0.029612404738107816,
    "AA1540": 0.009331587493974683,
    "AA1541": 0.029470545525001147,
    "AA1545": -0.0050522102307769485,
    "AA1124": -0.0033369215376791504,
    "AA1125": 0.035338858750913485,
    "AA1305": 0.02265476829087441,
    "AA1315": 0.01572590445160587,
    "AA1316": -0.0010732662133408016,
    "AA1527": -0.006516856374228778,
    "AA1528": 0.0006416469751390212,
    "AA1529": -0.023582528866121354,
    "AA1530": 0.010804378185404301,
    "AA1531": 0.023535131811701297,
    "CC1192": 0.0021943626553067455,
    "CC1193": 0.019091908927630085,
    "CC1194": -0.02063548324106912,
    "CC1195": 0.0,
    "CC1196": -0.03111250252386111,
    "CC1197": 0.02479812957346063,
    "CC1198": -0.002976526477926389,
    "CC1199": 0.00018072317232155873,
    "CC1200": 0.015168095018506435,
    "CC1201": 0.00047248269685004564,
    "CC1224": 0.0076842026383244525,
    "CC1225": -0.011507541726523941,
    "CC1226": 0.022881442117191803,
    "CC1227": -0.041629373779420886,
    "CC1228": 0.005810023507236724,
    "CC1251": 0.0370624992771658,
    "CC1252": 0.02123501886182503,
    "CC1253": 0.018376799126345326,
    "CC1258": -0.03865353410391534,
    "CC1259": -0.002577751369774483,
    "CC1260": -0.013990813244544665,
    "CC1265": 0.031560767246368075,
    "CC1266": 0.0020607221200200053,
    "CC1267": 0.014289512779502645,
    "CC1272": -0.010437459167719928,
    "CC1273": -0.008184348282646308,
    "CC1274": 0.002480943392731313,
    "CC1216": -0.004560528945519077,
    "CC1217": 0.005601437982907633,
    "CC1218": 0.0016861439465213936,
    "CC1219": -0.014367854244595323,
    "CC1220": 0.011356424192831567,
    "CC1213": -0.02196848628175882,
    "CC1214": 0.005074522462099932,
    "CC1215": 0.0038595641520202868,
    "CC1229": 0.0,
    "CC1230": 0.01815813437743428,
    "CC1231": -0.005946716019196286,
    "CC1232": 0.008240027698895825,
    "CC1233": 0.0034784317396444535,
    "CC1235": -0.00467721241423862,
    "CC1237": 0.02379247994268484,
    "CC1239": 0.0,
    "CC1241": 0.015235066854741809,
    "CC1243": 0.013459195799993901,
    "CC1245": 0.011394482060391033,
    "CC1247": 0.02246346980476953,
    "AA1548": 0.02345553689283426,
    "AA1549": 0.002108467329914866,
    "AA1550": 0.03277038065158266,
    "AA1551": 0.010850339009399142,
    "AA1552": 0.017112523276554794,
    "CC1202": 0.029967148495508127,
    "CC1203": -0.021704652288488648,
    "CC1204": 0.0424462820395202,
    "CC1205": -0.0006445375023749984,
    "CC1206": 0.0020985580748060888,
    "CC1207": 0.009368136795379825,
    "CC1208": 0.027843551962822,
    "CC1209": 0.0464285747130122
}