{
    "AA1572": -0.005140777515963441,
    "AA1577": -0.0,
    "AA1579": 0.0,
    "AA1532": -0.0036239002276703372,
    "AA1533": -0.0017924830962462788,
    "AA1534": -0.0,
    "AA1535": 0.0,
    "AA1536": -0.03268822720137132,
    "AA1537": 0.0,
    "AA1538": -0.0,
    "AA1539": 0.010834169569406108,
    "AA1540": 0.0038523530951106956,
    "AA1541": 0.0093276110073088,
    "AA1545": -0.0,
    "AA1124": -0.0,
    "AA1125": 0.024497177979421973,
    "AA1305": 0.01426525205592874,
    "AA1315": 0.00013256545478041189,
    "AA1316": 0.0,
    "AA1527": -0.0005648951073361891,
    "AA1528": -0.00016612125312662188,
    "AA1529": -0.007306950128352731,
    "AA1530": -0.0,
    "AA1531": 0.004198165277960095,
    "CC1192": 0.0,
    "CC1193": -0.0,
    "CC1194": 0.0,
    "CC1195": 0.0,
    "CC1196": -0.02253563108275532,
    "CC1197": 0.005014578028597606,
    "CC1198": -0.0,
    "CC1199": 0.0,
    "CC1200": 0.007235308545256213,
    "CC1201": 0.0,
    "CC1224": -0.0,
    "CC1225": -0.004089761070485043,
    "CC1226": -0.0,
    "CC1227": -0.018308075331516127,
    "CC1228": 0.0,
    "CC1251": 0.0,
    "CC1252": 0.0,
    "CC1253": 0.0,
    "CC1258": -0.00959383043689605,
    "CC1259": 0.005300115162939663,
    "CC1260": 0.0,
    "CC1265": 0.0,
    "CC1266": -0.0,
    "CC1267": 0.0,
    "CC1272": -0.0,
    "CC1273": -0.0,
    "CC1274": 0.004890288703212402,
    "CC1216": -0.0,
    "CC1217": 0.0,
    "CC1218": 0.0,
    "CC1219": -0.0,
    "CC1220": 0.0,
    "CC1213": -0.005432908385314833,
    "CC1214": 0.0,
    "CC1215": 0.0,
    "CC1229": 0.0,
    "CC1230": 0.0,
    "CC1231": -0.0,
    "CC1232": 0.002376364685991911,
    "CC1233": 0.0,
    "CC1235": 0.0,
    "CC1237": 0.012907330515207895,
    "CC1239": 0.0,
    "CC1241": 0.00916285192270531,
    "CC1243": 0.010592156056124949,
    "CC1245": 0.008590180639939512,
    "CC1247": 0.014514159068419644,
    "AA1548": 0.015608561525890527,
    "AA1549": 0.006619167312926212,
    "AA1550": 0.027852301968066883,
    "AA1551": 0.008419335677559519,
    "AA1552": 0.014965343226894716,
    "CC1202": 0.02585107613192397,
    "CC1203": 0.0,
    "CC1204": 0.03315732541338192,
    "CC1205": 0.0014120964383320571,
    "CC1206": 0.005888648773817621,
    "CC1207": 0.004581904494974694,
    "CC1208": 0.020664366295172154,
    "CC1209": 0.03726751851192753
}