{
    "mse": 0.14655911552103923,
    "rmse": 0.38283040046610617,
    "mae": 0.2778102847726096
}