{
    "AA1572": -0.014132174600799956,
    "AA1577": -0.0022429747448825797,
    "AA1579": 0.008049122587084201,
    "AA1532": 0.012304137082960067,
    "AA1533": 0.005525574681858072,
    "AA1534": -0.020101395966707125,
    "AA1535": -0.003932686573372702,
    "AA1536": -0.006193436304099787,
    "AA1537": -0.0035547554666579407,
    "AA1538": -0.0020615262669511814,
    "AA1539": 0.0,
    "AA1540": 0.028200522704791644,
    "AA1541": -0.003201754302949105,
    "AA1545": -0.013604656654248806,
    "AA1124": -0.009932137107249467,
    "AA1125": 0.02892185103865366,
    "AA1305": 0.0184258914940259,
    "AA1315": 0.01257257783629966,
    "AA1316": 0.01042591401909539,
    "AA1527": 0.00037113974003411037,
    "AA1528": -0.034507913647658255,
    "AA1529": 0.023100449595931445,
    "AA1530": -0.01899059443063285,
    "AA1531": 0.016838286574567263,
    "CC1192": -0.0005105174252119925,
    "CC1193": -0.0016894115649714817,
    "CC1194": -0.009813150483484634,
    "CC1195": 0.010322762096205394,
    "CC1196": -0.030837135277346717,
    "CC1197": 0.029822587728188698,
    "CC1198": -0.0009548935530135762,
    "CC1199": -0.017160955749415254,
    "CC1200": 0.025473086299867678,
    "CC1201": 0.0057796731435412205,
    "CC1224": 0.0020580963297250924,
    "CC1225": -0.001832880774978239,
    "CC1226": 0.016998723554009144,
    "CC1227": -0.02391692876675548,
    "CC1228": -0.007646151518760468,
    "CC1251": 0.027649046990355364,
    "CC1252": 0.0055951232064221515,
    "CC1253": 0.01599077068958676,
    "CC1258": -0.0072758387368466425,
    "CC1259": 0.028350048063892484,
    "CC1260": -0.004869832428127408,
    "CC1265": -0.0024195371496731,
    "CC1266": -0.02314878678280819,
    "CC1267": -0.018917838290510174,
    "CC1272": -0.018662647017774724,
    "CC1273": -0.002180491133865068,
    "CC1274": -0.0,
    "CC1216": 0.006603883205818261,
    "CC1217": -0.005210879621305628,
    "CC1218": 0.0023130972465043842,
    "CC1219": 0.00014077706466976937,
    "CC1220": 0.006983837398469022,
    "CC1213": -0.018531011199892942,
    "CC1214": -3.08746558291122e-06,
    "CC1215": -0.0034955428081660904,
    "CC1229": 0.0030041740414496307,
    "CC1230": 0.014935156144738834,
    "CC1231": -0.017303099517249922,
    "CC1232": 0.00029854262788376235,
    "CC1233": 0.011745640392854877,
    "CC1235": -0.006863186951864432,
    "CC1237": 0.04619457497738402,
    "CC1239": 0.0059443163132841285,
    "CC1241": 0.02019222323664214,
    "CC1243": 0.018516955909973983,
    "CC1245": 0.027989472480035013,
    "CC1247": 0.022860112548796926,
    "AA1548": 0.016431716194445656,
    "AA1549": 0.0018842856202255865,
    "AA1550": 0.04271069722875041,
    "AA1551": -0.007491453925214664,
    "AA1552": 0.0,
    "CC1202": 0.019401145334287023,
    "CC1203": -0.008628772761446616,
    "CC1204": 0.016368331592911508,
    "CC1205": 0.0045373124393289,
    "CC1206": -0.007037929403849746,
    "CC1207": 0.021233679796196857,
    "CC1208": 0.02242676792711694,
    "CC1209": 0.06183556732314726
}