{
    "AA1572": -3.393325980969524e-05,
    "AA1577": -0.0,
    "AA1579": 0.0,
    "AA1532": 0.0,
    "AA1533": -0.0,
    "AA1534": -0.0,
    "AA1535": 0.0,
    "AA1536": -0.006174489272907947,
    "AA1537": 0.0,
    "AA1538": -0.0,
    "AA1539": -0.0,
    "AA1540": 0.011867606198065702,
    "AA1541": -0.0,
    "AA1545": -0.005889864961610722,
    "AA1124": -0.0013947027506157382,
    "AA1125": 0.022026294744263236,
    "AA1305": 0.011597269288611455,
    "AA1315": 0.0,
    "AA1316": 0.0009427310160267063,
    "AA1527": -0.0,
    "AA1528": -0.016101530419735405,
    "AA1529": 0.0,
    "AA1530": -0.007043659373812634,
    "AA1531": 0.0,
    "CC1192": 0.0,
    "CC1193": -0.006459026418309647,
    "CC1194": 0.0,
    "CC1195": 0.0019147659284479792,
    "CC1196": -0.02164860023127982,
    "CC1197": 0.01136460322587344,
    "CC1198": -0.0,
    "CC1199": -0.0,
    "CC1200": 0.017749710540967634,
    "CC1201": 0.0,
    "CC1224": -0.0,
    "CC1225": -0.0,
    "CC1226": -0.0,
    "CC1227": -0.013992707742675432,
    "CC1228": -0.0,
    "CC1251": 0.0,
    "CC1252": -0.0,
    "CC1253": 0.0,
    "CC1258": -0.0,
    "CC1259": 0.019447661012157193,
    "CC1260": 0.0,
    "CC1265": 0.0008214198128527723,
    "CC1266": -0.0025911232892114173,
    "CC1267": -0.0005116234172098386,
    "CC1272": -0.006979577006615838,
    "CC1273": 0.0,
    "CC1274": 0.0,
    "CC1216": 0.0,
    "CC1217": 0.0,
    "CC1218": 0.0,
    "CC1219": 0.0,
    "CC1220": 0.0,
    "CC1213": -0.005218420975474644,
    "CC1214": -0.0,
    "CC1215": -0.0,
    "CC1229": 0.0,
    "CC1230": 0.0,
    "CC1231": -0.007062911576852515,
    "CC1232": 0.0,
    "CC1233": 0.005110467600140761,
    "CC1235": 0.0,
    "CC1237": 0.0366985504117809,
    "CC1239": 0.0035973371390537346,
    "CC1241": 0.008587384238811112,
    "CC1243": 0.013520628015763064,
    "CC1245": 0.02258330342151611,
    "CC1247": 0.01744970709982878,
    "AA1548": 0.00950227617348059,
    "AA1549": 0.00046201948238616534,
    "AA1550": 0.02826331650725759,
    "AA1551": 0.0,
    "AA1552": 0.0,
    "CC1202": 0.018204017406707147,
    "CC1203": 0.0,
    "CC1204": 0.01615750542448572,
    "CC1205": 0.00492873651345635,
    "CC1206": 0.0,
    "CC1207": 0.011557893196773895,
    "CC1208": 0.01719157581831044,
    "CC1209": 0.04372176667654882
}