{
    "AA1572": -0.004564214044222412,
    "AA1577": -0.0,
    "AA1579": 0.002604884142091106,
    "AA1532": -0.001559413754874544,
    "AA1533": -0.0,
    "AA1534": -0.0,
    "AA1535": -0.0,
    "AA1536": -0.010386789286186533,
    "AA1537": 0.0004828867880458528,
    "AA1538": -0.0,
    "AA1539": -0.0,
    "AA1540": 0.01344230133871866,
    "AA1541": -0.0,
    "AA1545": -1.035437812875653e-05,
    "AA1124": -0.006205172906545244,
    "AA1125": 0.027805791451544257,
    "AA1305": 0.009352059016082917,
    "AA1315": 0.0003474372185672272,
    "AA1316": -0.0,
    "AA1527": -0.0,
    "AA1528": -0.02352189402987508,
    "AA1529": -0.00043079158501502734,
    "AA1530": -0.0,
    "AA1531": 0.0,
    "CC1192": 0.0,
    "CC1193": -0.007806544981947419,
    "CC1194": 0.0,
    "CC1195": 0.0,
    "CC1196": -0.013763553497015855,
    "CC1197": 0.007024883300219451,
    "CC1198": -0.002203052805237112,
    "CC1199": -0.0,
    "CC1200": 0.018474599709552085,
    "CC1201": 0.0,
    "CC1224": -0.0,
    "CC1225": -0.006249461801278417,
    "CC1226": -0.0,
    "CC1227": -0.008283513702710838,
    "CC1228": -0.0,
    "CC1251": 0.0006900942517022783,
    "CC1252": -0.0,
    "CC1253": 0.0,
    "CC1258": -0.0017792568059502279,
    "CC1259": 0.0,
    "CC1260": 0.0012204211474125687,
    "CC1265": 0.0,
    "CC1266": 0.0,
    "CC1267": 0.0,
    "CC1272": -0.0027730992362972598,
    "CC1273": -0.0,
    "CC1274": -0.0,
    "CC1216": -0.0,
    "CC1217": 0.0,
    "CC1218": 0.001961321033679584,
    "CC1219": 0.0,
    "CC1220": 0.0,
    "CC1213": -0.004193473484884664,
    "CC1214": 0.0,
    "CC1215": 0.0,
    "CC1229": 0.0,
    "CC1230": 0.0,
    "CC1231": -0.0,
    "CC1232": 0.0,
    "CC1233": 0.0,
    "CC1235": 0.0,
    "CC1237": 0.016184446632849344,
    "CC1239": 0.0005155506627648307,
    "CC1241": 0.016014370648486494,
    "CC1243": 0.001390636049340424,
    "CC1245": 0.017701692059298255,
    "CC1247": 0.01558503973301009,
    "AA1548": 0.00876584774892046,
    "AA1549": 0.0,
    "AA1550": 0.023572072043930952,
    "AA1551": 0.008648201097933374,
    "AA1552": 0.008695808163697446,
    "CC1202": 0.0032462066391700417,
    "CC1203": 0.0008482196893610408,
    "CC1204": 0.014289698169169713,
    "CC1205": 0.00043413577120395014,
    "CC1206": 0.0,
    "CC1207": 0.013565218509855355,
    "CC1208": 0.02479128092884888,
    "CC1209": 0.02932720253242744
}