{
    "Unnamed: 0": -0.0007316844385867533,
    "AA1572": -0.02475052989402695,
    "AA1577": -0.004843124904694615,
    "AA1579": 0.02210310234962795,
    "AA1532": -0.016147225245254367,
    "AA1533": 0.0004707445258704024,
    "AA1534": -0.009707913197348424,
    "AA1535": -0.015871846629777645,
    "AA1536": -0.011164192734254971,
    "AA1537": 0.019154088979490485,
    "AA1538": -0.0009241409702054738,
    "AA1539": 0.005270802737391468,
    "AA1540": 0.02822018330167847,
    "AA1541": -0.007317536490891117,
    "AA1545": -0.007509386630564453,
    "AA1124": -0.01575104255401025,
    "AA1125": 0.03790110503680493,
    "AA1305": 0.017788344869403713,
    "AA1315": 0.017770759884522827,
    "AA1316": -0.003970453328082914,
    "AA1527": 0.01301967499593535,
    "AA1528": -0.044364504653863594,
    "AA1529": -0.0,
    "AA1530": 0.0032371729423518758,
    "AA1531": 0.008465191102538239,
    "CC1192": 0.01003714606948863,
    "CC1193": -0.011553525137768814,
    "CC1194": -0.022543385256827347,
    "CC1195": 0.0,
    "CC1196": -0.013186076025692463,
    "CC1197": 0.027688217126688015,
    "CC1198": -0.004796634481644975,
    "CC1199": -0.018850602265767787,
    "CC1200": 0.028865911704341867,
    "CC1201": 0.008866989919963831,
    "CC1224": 0.015414912988355154,
    "CC1225": -0.014265342724537297,
    "CC1226": 0.0029412876782385963,
    "CC1227": -0.014261793844707101,
    "CC1228": -0.006306222517160776,
    "CC1251": 0.03855650940768176,
    "CC1252": 0.011791310675221075,
    "CC1253": 0.019487735979153667,
    "CC1258": -0.0072055524031428364,
    "CC1259": 0.0,
    "CC1260": 0.0044289496367626805,
    "CC1265": 0.015407673217321489,
    "CC1266": 0.00795384736860627,
    "CC1267": 0.009172907773486706,
    "CC1272": -0.034289112290805446,
    "CC1273": -0.02021828225779659,
    "CC1274": -0.023432986560237977,
    "CC1216": -0.008724259616448049,
    "CC1217": 0.00044316347106261665,
    "CC1218": 0.0145912402350457,
    "CC1219": -0.0010741884819718628,
    "CC1220": 0.009137653297826452,
    "CC1213": -0.01862650832139646,
    "CC1214": 0.0065379594504853256,
    "CC1215": -0.003738481524695444,
    "CC1229": 0.0021488270272917802,
    "CC1230": 0.01568396905052334,
    "CC1231": -0.011854843764181881,
    "CC1232": -0.0,
    "CC1233": -0.0,
    "CC1235": -0.008132800724745481,
    "CC1237": 0.02368755551104471,
    "CC1239": 0.0019811272598630925,
    "CC1241": 0.023142064474104967,
    "CC1243": 0.0029224202893627284,
    "CC1245": 0.0217805766511776,
    "CC1247": 0.02150304969704371,
    "AA1548": 0.014710876918637542,
    "AA1549": -0.006108516035592948,
    "AA1550": 0.026877897919756966,
    "AA1551": 0.00996188162723501,
    "AA1552": 0.010219397822911291,
    "CC1202": -0.0,
    "CC1203": 0.0,
    "CC1204": 0.017331142430135147,
    "CC1205": -0.0004708422155025709,
    "CC1206": -0.007391601527537103,
    "CC1207": 0.020660111512428372,
    "CC1208": 0.029228151610430273,
    "CC1209": 0.04372483413856162
}