{
    "alpha": 0.03443724513116243,
    "l1_ratio": 0.0449546130698365,
    "num_componenets": 289
}