{
    "mse": 0.06475351213380802,
    "rmse": 0.254467114051714,
    "mae": 0.18324598207673465
}