{
    "rmse": 0.3054504372585095,
    "mse": 0.09329996962141467,
    "mae": 0.3473827760076818
}