{
    "rmse": 0.2369686842170844,
    "mse": 0.05615415729957626,
    "mae": 0.3464226369165654
}