{
    "alpha": 0.007350533870833076,
    "l1_ratio": 0.6302675259491731
}