{
    "mse": 0.12798418569284656,
    "rmse": 0.35774877455114584,
    "mae": 0.24342533500666147
}