{
    "mse": 0.16141434110431432,
    "rmse": 0.4017640365989897,
    "mae": 0.2965037003222291
}