{
    "mse": 0.1753324652342008,
    "rmse": 0.4187271966736825,
    "mae": 0.3254737160254334
}