{
    "rmse": 0.43989624373675273,
    "mse": 0.1935087052537046,
    "mae": 0.3375679311965963
}