{
    "rmse": 0.30949041984538833,
    "mse": 0.09578431997607476,
    "mae": 0.22811981556010333
}