{
    "AA1151": 0.02101346895715053,
    "AA1298": 0.021806215973950206,
    "AA1454": -0.018267903969633584,
    "AA1463": -0.028925592537946933,
    "AA1467": 0.01630490616791937,
    "AA1469": 0.0,
    "AA1470": 0.0,
    "AA1472": 0.0010184423907632733,
    "AA1473": 0.020900081485745778,
    "AA1474": 0.002929421142052248,
    "AA1477": -0.0,
    "AA1480": -0.0368358633104611,
    "AA1481": -0.02922585078399537,
    "AA1482": -0.010990056860572247,
    "AA1483": -0.024193309650939333,
    "AA1484": -0.021256736203689088,
    "AA1550": 0.01858499696568528,
    "AA1553": 0.012894592611218142,
    "AA1554": 0.03162550364580068,
    "CC953": 0.02310185085743289,
    "CC957": 0.008774057802225128,
    "CC961": 0.03690524629946373,
    "CC962": 0.0,
    "CC1169": 0.025524421428758368,
    "CC1202": 0.013865647273991739,
    "CC1204": 0.008691146906279323,
    "CC1209": 0.0,
    "CC1250": 0.03058932504036229
}