{
    "AA85": -0.0009131840014593521,
    "AA86": -0.0032250802390997708,
    "AA87": -0.004577916932396653,
    "AA88": -0.0029739684312621393,
    "AA89": 0.0043237870711236815,
    "AA93": 0.019354771335012257,
    "AA94": -0.01352665831897839,
    "AA95": -0.006485074230785122,
    "AA96": -0.009043238602604232,
    "AA97": -0.002382184681643043,
    "AA98": 0.004821136178809361,
    "AA100": 0.001403360991618981,
    "AA101": -0.002908458129802262,
    "AA102": 0.006816219453369781,
    "AA103": 0.0,
    "AA104": 0.028573962161711212,
    "AA106": 0.021106761522061143,
    "AA107": -0.018242783290356605,
    "AA108": 0.007423002340596363,
    "AA109": -0.0008968675828339527,
    "AA110": -0.0,
    "AA112": -0.007718763438274895,
    "AA113": 0.005106943987871164,
    "AA114": -0.00767448384853564,
    "AA115": 0.008631752184346123,
    "AA116": -0.010081323072767018,
    "AA118": -0.0038025549131942998,
    "AA119": -0.0012622944617707674,
    "AA120": -0.0,
    "AA121": 0.0,
    "AA122": 0.0,
    "AA124": 0.0,
    "AA125": 0.0005455610829938789,
    "AA126": 0.004096673404052776,
    "AA127": -0.0017731228341987175,
    "AA128": -2.7860458745775007e-05,
    "AA130": 0.0,
    "AA131": -0.0002824101314430346,
    "AA132": -0.0,
    "AA133": -0.0020739094050192318,
    "AA134": -0.0,
    "AA136": -0.0021881739380765594,
    "AA137": -0.0026468281164651756,
    "AA138": 0.00838207620332704,
    "AA139": -0.0,
    "AA140": 0.003577864953278154,
    "AA142": 0.0,
    "AA143": 0.0,
    "AA144": -0.0,
    "AA145": -0.0,
    "AA146": 0.0003840521002261276,
    "AA147": -0.0,
    "AA148": -0.0,
    "AA149": 0.0016596649202521695,
    "AA150": -0.0,
    "AA151": -0.0,
    "AA152": -0.0,
    "AA153": -0.0,
    "AA154": 0.0,
    "AA155": 0.005783082385105542,
    "AA156": -0.002829815877242483,
    "AA157": -0.003328249520937588,
    "AA158": 0.006281775464132865,
    "AA159": 0.00889296918239175,
    "AA160": 0.000916110995434912,
    "AA161": -0.010699209635679522,
    "AA162": 0.004415317741631712,
    "AA1123": -0.0,
    "AA1124": -0.0,
    "AA1125": 0.00271829758698476,
    "AA1126": 0.014682839411299217,
    "AA1127": -0.0,
    "AA1132": 0.015963920317354087,
    "AA1133": 0.002275125621700246,
    "AA1134": 0.0026018511013438284,
    "AA1135": 0.007627605352792265,
    "AA1136": -0.004094083852231753,
    "AA1137": 0.010445356809836359,
    "AA1138": 0.008223403930156937,
    "AA1139": 0.01281518419857123,
    "AA1140": 0.01279734123657796,
    "AA1141": -0.003948642273325025,
    "AA1142": 0.005057368049613707,
    "AA1143": 0.001798527577230823,
    "AA1144": 0.007490887254468528,
    "AA1145": 0.002550802620511097,
    "AA1146": -0.004797784645546131,
    "AA1147": -0.0,
    "AA1148": 0.017661963394631882,
    "AA1149": 0.010594307003688177,
    "AA1150": 0.012261753186157966,
    "AA1151": 0.0061564006408232255,
    "AA1152": 0.004845345884065978,
    "AA1153": 0.01035978412485535,
    "AA1157": 0.0005117708727527523,
    "AA1159": 0.012072779791240976,
    "AA1160": 0.0019023437132437628,
    "AA1166": 0.0006156771728503553,
    "AA1167": 0.01550948685057092,
    "AA1172": 0.008660945129101033,
    "AA1173": 0.013431604183221209,
    "AA1174": -0.005906136713899465,
    "AA1175": -0.00975736602163719,
    "AA1176": -0.0012740002750172372,
    "AA1177": 0.0,
    "AA1178": -0.009267167605801483,
    "AA1179": -0.012370388285962697,
    "AA1180": -0.007435738058934905,
    "AA1181": 0.014509465290895501,
    "AA1182": 0.0057109698223986195,
    "AA1183": -0.0038359679106573148,
    "AA1184": 0.0,
    "AA1185": 0.017901933071342795,
    "AA1186": 0.015327668452232908,
    "AA1187": 0.011039251934432372,
    "AA1188": 0.011956684798502135,
    "AA1189": 0.0,
    "AA1190": 0.003071294366287594,
    "AA1191": 0.0,
    "AA1192": -0.0,
    "AA1193": -0.006194862747350122,
    "AA1194": 0.008704501925588325,
    "AA1293": 0.0016788285984734243,
    "AA1294": -0.0,
    "AA1295": 0.0,
    "AA1296": 0.01297183651951941,
    "AA1297": 0.0,
    "AA1298": -0.010869495587536004,
    "AA1300": -0.003830745851641395,
    "AA1301": -0.011079925855024991,
    "AA1302": -0.002002496058248523,
    "AA1303": 0.014817314945433613,
    "AA1304": -0.015221428635078619,
    "AA1305": -0.001756644168271208,
    "AA1309": 0.0,
    "AA1315": 0.006673484180829726,
    "AA1316": -0.0,
    "AA1317": 0.0,
    "AA1318": 0.0029678229796489043,
    "AA1319": 0.0,
    "AA1320": -0.0,
    "AA1321": -0.004392403968542252,
    "AA1322": 0.0,
    "AA1323": -0.0017389944793598838,
    "AA1324": -0.004826354416460657,
    "AA1325": -0.0,
    "AA1326": -0.0070781647975098555,
    "AA1327": -0.012697082497501531,
    "AA1328": 0.0,
    "AA1452": -0.0015915177758370883,
    "AA1453": 0.0011693855005196912,
    "AA1454": -0.001484362989258223,
    "AA1455": 0.0,
    "AA1456": 0.003597211448142886,
    "AA1457": 0.0,
    "AA1458": 0.00382805108227692,
    "AA1459": -0.0,
    "AA1460": 0.008116221643987707,
    "AA1461": -0.005106213189355232,
    "AA1462": -0.004393227528146664,
    "AA1463": -0.0006653563463385691,
    "AA1464": 0.007342728650909193,
    "AA1465": 0.008071614305246215,
    "AA1466": -0.0010996773316185257,
    "AA1467": -0.002956169827116796,
    "AA1468": -0.0,
    "AA1469": -0.0041422410928257285,
    "AA1470": -1.8399801682261392e-05,
    "AA1471": 0.010354772369580883,
    "AA1472": 0.007485051211764107,
    "AA1473": 0.0015858345083580123,
    "AA1474": -0.00035755192506460495,
    "AA1475": 0.0009462967268782514,
    "AA1476": 0.0,
    "AA1477": -0.004440766539986271,
    "AA1478": -0.02622508746908262,
    "AA1479": -0.02038279638301857,
    "AA1480": -0.00029422765279162115,
    "AA1481": -0.01599629882409412,
    "AA1482": -0.008888738580421036,
    "AA1483": 0.008035710447116994,
    "AA1484": -0.004940192754244036,
    "AA1485": -0.0,
    "AA1486": 0.00033873539555045226,
    "AA1487": 0.0,
    "AA1488": 0.002410923031612191,
    "AA1527": -0.0,
    "AA1528": 0.00028393229075700433,
    "AA1529": -6.878794083938814e-05,
    "AA1530": 0.0,
    "AA1531": 0.006564406448743727,
    "AA1532": -0.005552510749328998,
    "AA1533": -0.00164128207859836,
    "AA1534": -0.011920120188905871,
    "AA1535": 0.000606351667556013,
    "AA1536": 0.00041610156158767105,
    "AA1537": 0.0024965320737198684,
    "AA1538": 0.0032328800200130095,
    "AA1539": 0.008973703720502251,
    "AA1540": 0.0,
    "AA1541": 0.0012040913833166608,
    "AA1545": -0.0018926954277451264,
    "AA1546": -0.0,
    "AA1547": -0.00010450800975002319,
    "AA1548": 0.005644444004402231,
    "AA1549": 0.012481417499651815,
    "AA1550": 0.002258568469599597,
    "AA1551": 0.0015143106190917757,
    "AA1552": 0.02253715474648035,
    "AA1553": -0.0039931151801496844,
    "AA1554": 0.0,
    "AA1555": -0.007975728855311942,
    "AA1556": 0.0,
    "AA1557": 0.011821365737531805,
    "AA1558": -0.0019560359904920235,
    "AA1559": -0.002106364000594141,
    "AA1560": -0.002869721288971975,
    "AA1561": -0.007968001456962661,
    "AA1562": -0.007141549773708028,
    "AA1563": 0.023813048615674213,
    "AA1564": 0.008182944412353494,
    "AA1565": -0.003343280518939043,
    "AA1566": -0.0038368643591639327,
    "AA1567": -0.0037693797130421555,
    "AA1568": -0.0,
    "AA1569": 0.007665729245720767,
    "AA1570": -9.554581727106732e-05,
    "AA1571": 0.0,
    "AA1572": -0.005639857805789398,
    "AA1573": 0.0,
    "AA1574": -0.00849879923900583,
    "AA1575": 0.0006604929693905235,
    "AA1576": 0.012161646754171843,
    "AA1577": 0.002078083123970062,
    "AA1578": 0.0,
    "AA1579": 0.0,
    "CC909": -0.0,
    "CC910": 0.0,
    "CC911": 0.009710183582417922,
    "CC912": -0.0008164049354185004,
    "CC913": 0.00011915503572285114,
    "CC914": -0.004970292814097999,
    "CC915": -0.0019883866428630132,
    "CC917": 0.010432461959124697,
    "CC918": 0.002110578900409789,
    "CC919": 0.0,
    "CC920": -0.000762334226671824,
    "CC921": 0.001571238040305659,
    "CC922": 0.0019238513014751889,