{
    "mean_RSS_Q1": -0.004632146792472091,
    "imm": 0.031140099403503176,
    "income_mother": -0.0,
    "income_father": 0.017700882704846203,
    "mean_SWLS_Q1": -0.03172152593046487,
    "mean_RSS_Q3": -0.0018799887166619387,
    "mean_SWLS_Q3": -0.04148386057092355,
    "mean_gse": 0.014710894096050288,
    "mean_anger": -0.022763758839601297,
    "mean_RSES": -0.007524687533853637,
    "mean_scl_Q1": 0.041441194329809264,
    "mean_scl_Q3": 0.13754791755997967,
    "LTH_of_MD_agg": -0.009193702338441996,
    "ss_bin": -0.03176589293919525,
    "edu_bin": 0.00028496750137998767,
    "abuse_bin": 0.00885581212849504,
    "ALE_bin_Q3": 0.007034147261408933
}