{
    "num_components": 289,
    "rmse": 0.38224130041456783,
    "mse": 0.1461084117426199,
    "mae": 0.30492684109284174
}