{
    "num_components": 289,
    "rmse": 0.3510575801706978,
    "mse": 0.12324142459530593,
    "mae": 0.38530852058908216
}