{
    "num_components": 289,
    "rmse": 0.36997916593004637,
    "mse": 0.1368845832222928,
    "mae": 0.30585642340875807
}