{
    "num_components": 289,
    "rmse": 0.33520970402962713,
    "mse": 0.1123655456756302,
    "mae": 0.3968480430283935
}