{
    "num_components": 289,
    "rmse": 0.4171766078242332,
    "mse": 0.17403632211573408,
    "mae": 0.34598448647502034
}