{
    "num_components": 289,
    "rmse": 0.3794886101813642,
    "mse": 0.1440116052573834,
    "mae": 0.4368569954317649
}