{
    "rmse": 0.39031556361778946,
    "mse": 0.15234623920227267,
    "mae": 0.29263277331169685
}