{
    "rmse": 0.28223519769722316,
    "mse": 0.07965670681919065,
    "mae": 0.3603378038356024
}