{
    "rmse": 0.44283655979020203,
    "mse": 0.19610421868682118,
    "mae": 0.3605902603259289
}