{
    "AA85": 0.040261075962967866,
    "AA86": -0.009229572271635372,
    "AA87": 0.005773177436301551,
    "AA88": -0.025721829730536726,
    "AA89": 0.012098448705884158,
    "AA93": 0.0023023016901002925,
    "AA94": 0.00026982371113817274,
    "AA95": 0.010980293042231172,
    "AA96": -0.00043750189256569884,
    "AA97": 0.0020411765269317964,
    "AA98": -0.012871940872630895,
    "AA100": -0.009074503944228053,
    "AA101": -0.013379946344841845,
    "AA102": 0.014615821280548088,
    "AA103": 0.0036721585639170073,
    "AA104": -0.00589796530040185,
    "AA106": 0.007027450595812041,
    "AA107": 0.0003153848351856989,
    "AA108": -0.002953922577060386,
    "AA109": -0.005406552635293407,
    "AA110": 0.002931239840465878,
    "AA112": 0.002748460035429021,
    "AA113": -0.0036486398532008814,
    "AA114": 0.004779363123927308,
    "AA115": -0.008024473882821851,
    "AA116": 0.004443385069581516,
    "AA118": -0.0019654353623921833,
    "AA119": 0.009065670840232508,
    "AA120": 0.006544781243737581,
    "AA121": 0.008906161672075778,
    "AA122": 0.005506977129995823,
    "AA124": 0.0018742491918871595,
    "AA125": -0.003640269195925763,
    "AA126": 0.0,
    "AA127": -0.0024268441287516027,
    "AA128": 0.0,
    "AA130": -8.40682454433271e-05,
    "AA131": 0.00015144792885937521,
    "AA132": 0.012701781419993115,
    "AA133": -0.005844330157125701,
    "AA134": -0.004686955157444489,
    "AA136": 0.003339045383616311,
    "AA137": -0.0028585725492076934,
    "AA138": 0.004967553490019485,
    "AA139": -0.005697780730751447,
    "AA140": 0.0014936349571886185,
    "AA142": 0.008146103349244475,
    "AA143": -0.012236274721637056,
    "AA144": -0.0,
    "AA145": -0.003934179952847115,
    "AA146": 0.008745968979373634,
    "AA147": 0.010115872496122032,
    "AA148": 0.01694413644567835,
    "AA149": 0.002436760322264687,
    "AA150": 0.014156736772757441,
    "AA151": -0.006624161278022484,
    "AA152": 0.0007884308881877044,
    "AA153": 0.006708414469611693,
    "AA154": 0.0,
    "AA155": -0.009250117232691191,
    "AA156": -0.007734960847086488,
    "AA157": -0.0020783490425720376,
    "AA158": -0.0007407948919110539,
    "AA159": -0.0,
    "AA160": -0.0017710829315577133,
    "AA161": -0.009455014543005853,
    "AA162": 0.013417138876732074,
    "AA1123": -0.000889348538954657,
    "AA1124": -0.0010092208513583193,
    "AA1125": -0.007432751012726924,
    "AA1126": -0.0023826570533000938,
    "AA1127": -0.0009226287231068576,
    "AA1132": 0.015190621925505644,
    "AA1133": 0.0027438402050815624,
    "AA1134": 0.002783523722378652,
    "AA1135": 0.0,
    "AA1136": -0.0007100601938656569,
    "AA1137": -0.003386652592097092,
    "AA1138": 0.005758393472699967,
    "AA1139": -0.0019028973272816236,
    "AA1140": 0.0,
    "AA1141": 0.005840764786605232,
    "AA1142": 0.0018799995062528474,
    "AA1143": -0.006332280071817921,
    "AA1144": -0.0003370362098115914,
    "AA1145": 0.00889106620251612,
    "AA1146": 0.0072575520232910475,
    "AA1147": 0.00271844303998594,
    "AA1148": 0.010337010229844922,
    "AA1149": 0.006270096191884913,
    "AA1150": -0.0062875355894691,
    "AA1151": -0.014218880446221303,
    "AA1152": -0.005589776941182163,
    "AA1153": 0.0,
    "AA1157": 0.010247114579883358,
    "AA1159": 0.0,
    "AA1160": -0.0,
    "AA1166": -0.006088707826562416,
    "AA1167": -0.002917946981621487,
    "AA1172": -0.0,
    "AA1173": -0.003607095796038928,
    "AA1174": 0.00913775680376967,
    "AA1175": 0.00296487307260088,
    "AA1176": 0.004109159756220491,
    "AA1177": -0.0,
    "AA1178": -0.0015168767138934694,
    "AA1179": -0.0043363185802916225,
    "AA1180": 0.012945197469221839,
    "AA1181": 0.0034583239118008736,
    "AA1182": 0.006636204494703043,
    "AA1183": 0.0008071441956886663,
    "AA1184": 0.0,
    "AA1185": 0.004419859173917843,
    "AA1186": -0.00175674374161893,
    "AA1187": -0.00495051746296526,
    "AA1188": 0.007265959466406306,
    "AA1189": 0.004399992974608122,
    "AA1190": -0.009852202121828258,
    "AA1191": -0.006439549379449297,
    "AA1192": -0.004646826206071221,
    "AA1193": 0.00015575181346469072,
    "AA1194": 0.000325037437440656,
    "AA1293": 0.003206027277784661,
    "AA1294": 0.004538661034919643,
    "AA1295": 0.003593504138435069,
    "AA1296": -0.0,
    "AA1297": 0.003227127691102645,
    "AA1298": 0.0004596518325396676,
    "AA1300": 0.002067251564316399,
    "AA1301": 0.004573729737512898,
    "AA1302": -0.0009846841361006188,
    "AA1303": -0.0018907838739618795,
    "AA1304": 0.0019432492863319239,
    "AA1305": 0.0074994765290119164,
    "AA1309": -0.0012315479120901351,
    "AA1315": 0.0003869068779135006,
    "AA1316": 0.0017766941404891174,
    "AA1317": -0.0,
    "AA1318": -0.0,
    "AA1319": -0.008651779548095324,
    "AA1320": 0.0031369696812127215,
    "AA1321": 0.007674453622162733,
    "AA1322": 0.0,
    "AA1323": -0.0,
    "AA1324": 0.003573325120987178,
    "AA1325": -0.0,
    "AA1326": -0.0,
    "AA1327": -0.009006182892888992,
    "AA1328": -0.0,
    "AA1452": 0.007689377000139772,
    "AA1453": -0.013190573044779602,
    "AA1454": -0.002792943224431775,
    "AA1455": -0.00538493547559405,
    "AA1456": -0.000579785930525459,
    "AA1457": 0.0012286095557610193,
    "AA1458": 1.4428514468311514e-05,
    "AA1459": 0.0,
    "AA1460": 0.0044296197887108675,
    "AA1461": 0.003651818174456457,
    "AA1462": 0.0,
    "AA1463": -0.007468206552717006,
    "AA1464": 0.0,
    "AA1465": -0.0005671039465825489,
    "AA1466": 0.0,
    "AA1467": -0.010615770080876706,
    "AA1468": 0.0017452236528693375,
    "AA1469": 0.0,
    "AA1470": 0.0008192414813835804,
    "AA1471": -0.004792680413435297,
    "AA1472": 0.0016042633061100337,
    "AA1473": 0.0008262067529265467,
    "AA1474": 0.006022171655183841,
    "AA1475": 0.0015396632791583832,
    "AA1476": 0.009200360469480102,
    "AA1477": 0.0,
    "AA1478": 0.0020070308225367465,
    "AA1479": -0.003126930680275444,
    "AA1480": -0.0,
    "AA1481": -0.010610682709810347,
    "AA1482": 0.008046599411823787,
    "AA1483": -0.0,
    "AA1484": 0.004454753104940371,
    "AA1485": 0.004266274962235597,
    "AA1486": 0.007149560950739657,
    "AA1487": -0.0015257029653022427,
    "AA1488": 0.0030832324558015566,
    "AA1527": 0.0004411006824069415,
    "AA1528": -0.008148817898929317,
    "AA1529": -0.00014301976244530262,
    "AA1530": -0.011049648222541012,
    "AA1531": 0.006519155299240102,
    "AA1532": 0.0,
    "AA1533": -0.005177751984817372,
    "AA1534": 0.0,
    "AA1535": -0.0,
    "AA1536": -0.007807468982656174,
    "AA1537": -0.004022585899325535,
    "AA1538": -0.011527286749479526,
    "AA1539": 0.0014643046501900243,
    "AA1540": -0.009666361802603564,
    "AA1541": -0.0,
    "AA1545": 0.0,
    "AA1546": 0.0,
    "AA1547": 0.004229974543760868,
    "AA1548": -0.0,
    "AA1549": 0.0019092182152392549,
    "AA1550": 0.004055711795644515,
    "AA1551": 0.021139614617260258,
    "AA1552": -0.001936543967320937,
    "AA1553": 0.012239988363944982,
    "AA1554": 0.012554558422382251,
    "AA1555": -0.002270663492078708,
    "AA1556": 0.003278497517468608,
    "AA1557": 0.0,
    "AA1558": 0.005518615413454594,
    "AA1559": 0.0,
    "AA1560": 0.0,
    "AA1561": -0.0053101251405314005,
    "AA1562": 0.0,
    "AA1563": -0.0,
    "AA1564": -0.0,
    "AA1565": 0.0,
    "AA1566": -2.503615826061025e-05,
    "AA1567": 0.0,
    "AA1568": 0.011318117989093903,
    "AA1569": -0.0037254008515430286,
    "AA1570": 0.0020306474379380604,
    "AA1571": 0.000608723235482022,
    "AA1572": -0.0003661458989264739,
    "AA1573": -0.0,
    "AA1574": -0.005925483513858678,
    "AA1575": 0.003884086484273765,
    "AA1576": 0.008018523435043763,
    "AA1577": -0.0,
    "AA1578": 0.006351266618729715,
    "AA1579": 0.0,
    "CC909": -0.0026480103765107984,
    "CC910": 0.0,
    "CC911": -0.004019406664925486,
    "CC912": 0.0,
    "CC913": -0.007395744924229687,
    "CC914": -0.004951290162375225,
    "CC915": -0.0,