{
    "rmse": 0.40388740921755806,
    "mse": 0.1631250393244712,
    "mae": 0.3112311097840488
}