{
    "rmse": 0.35260795758479796,
    "mse": 0.12433237175212267,
    "mae": 0.38322773365024493
}