{
    "rmse": 0.37926192853931184,
    "mse": 0.14383961043935808,
    "mae": 0.31110795449612666
}