{
    "rmse": 0.38049547837321024,
    "mse": 0.1447768090624581,
    "mae": 0.30557174177475177
}