{
    "rmse": 0.38742770860511805,
    "mse": 0.15010022939501227,
    "mae": 0.3088877117145548
}