{
    "mean_RSS_Q1": -0.00847655907858034,
    "imm": 0.03463048362167254,
    "income_mother": 0.009365340741875774,
    "income_father": 0.005286820091088951,
    "mean_SWLS_Q1": -0.012501131222241703,
    "mean_RSS_Q3": -0.006556580999919416,
    "mean_SWLS_Q3": -0.0386566099487159,
    "mean_gse": 0.006867033833464879,
    "mean_anger": -0.015361252472833035,
    "mean_RSES": 0.011991910533223318,
    "mean_scl_Q1": 0.08280772984460995,
    "mean_scl_Q3": 0.1377162361805581,
    "LTH_of_MD_agg": -0.009599359210368764,
    "ss_bin": -0.02299263741694504,
    "edu_bin": -0.00434813929758857,
    "abuse_bin": 0.00038035409756686806,
    "ALE_bin_Q3": 0.005793337957638966
}