{
    "rmse": 0.23631161657133604,
    "mse": 0.05584318012655814,
    "mae": 0.40703076065184035
}