{
    "rmse": 0.37363823126727885,
    "mse": 0.13960552786454056,
    "mae": 0.29760173469584744
}