{
    "rmse": 0.36411243256527676,
    "mse": 0.1325778635486032,
    "mae": 0.29641733314198887
}