{
    "rmse": 0.322698168805786,
    "mse": 0.10413410815060757,
    "mae": 0.24212976362658606
}