{
    "rmse": 0.24629431394771378,
    "mse": 0.060660889082975,
    "mae": 0.39783082330900604
}