{
    "rmse": 0.3795025999631912,
    "mse": 0.14402222337882192,
    "mae": 0.3042905896027943
}