{
    "rmse": 0.379892855371233,
    "mse": 0.14431858156210856,
    "mae": 0.2992684430853868
}