{
    "mse": 0.1374937776210308,
    "rmse": 0.3708015340057681,
    "mae": 0.2616206482007969
}