{
    "mse": 0.14392435587576238,
    "rmse": 0.3793736362423757,
    "mae": 0.2661674702279254
}