{
    "rmse": 0.3982560428549479,
    "mse": 0.1586078756704821,
    "mae": 0.29635507546778117
}