{
    "mse": 0.15251316070932075,
    "rmse": 0.39052933399339,
    "mae": 0.3119592629897636
}