{
    "mse": 0.11449262712582205,
    "rmse": 0.33836759171915687,
    "mae": 0.23656810727131689
}