{
    "mse": 0.13646246794607508,
    "rmse": 0.3694082672952449,
    "mae": 0.27074227219440544
}