{
    "alpha": 0.002004386569882355,
    "l1_ratio": 0.46063759289445616
}