{
    "alpha": 0.009637010592006178,
    "l1_ratio": 0.3867060209311901
}