{
    "AA162": 0.037201265114502065,
    "AA1151": 0.029068764828578265,
    "AA1454": -0.010279055494033578,
    "AA1463": -0.0,
    "AA1465": -0.047557537445320486,
    "AA1469": -0.0004205016811811242,
    "AA1470": 0.0,
    "AA1471": 0.006169892865963331,
    "AA1472": 0.023914155356368635,
    "AA1473": 0.03228481149435518,
    "AA1477": -0.0,
    "AA1480": -0.0038254647170196912,
    "AA1481": -0.0,
    "AA1482": -0.015317031564229698,
    "AA1483": -0.0,
    "AA1484": -0.025745668411543313,
    "AA1485": -0.025235442131407018,
    "AA1487": -0.019094238040936524,
    "AA1550": 0.007890076999933852,
    "AA1554": 0.022558882683208187,
    "CC953": 0.0,
    "CC956": 0.00636142096324095,
    "CC957": 0.014262918864860377,
    "CC961": 0.018564608071676047,
    "CC962": 0.01600522878732477,
    "CC965": 0.01737479885728173,
    "CC970": 0.013640800608919089,
    "CC1168": 0.0,
    "CC1171": 0.04866710381181423,
    "CC1202": 0.0017030626988005903,
    "CC1204": 0.0,
    "CC1209": 0.014464160738989094,
    "CC1250": 0.0131019181627383
}