{
    "AA85": -0.0,
    "AA86": -0.0,
    "AA87": -0.024719404126954926,
    "AA88": 0.005559978495117545,
    "AA89": 0.004254983585218697,
    "AA93": 0.0,
    "AA94": 0.0,
    "AA95": -0.0,
    "AA96": -0.022911919708141455,
    "AA97": -0.0,
    "AA98": -0.0,
    "AA100": 0.0,
    "AA101": 0.01106273960843851,
    "AA102": -0.0,
    "AA103": -0.005063102376327907,
    "AA104": 0.010227084824692218,
    "AA106": 0.0,
    "AA107": -0.0,
    "AA108": 0.0,
    "AA109": -0.0,
    "AA110": 0.009875167938687616,
    "AA112": -0.0,
    "AA113": -0.0,
    "AA114": -0.0,
    "AA115": 0.0,
    "AA116": -0.0,
    "AA118": 0.0,
    "AA119": -0.0,
    "AA120": -0.0,
    "AA121": 0.0018108706245530497,
    "AA122": 0.0,
    "AA124": -0.003008857464196196,
    "AA125": -0.0,
    "AA126": -0.0007640916761857715,
    "AA127": -0.0,
    "AA128": -0.0,
    "AA130": -0.0,
    "AA131": 0.0,
    "AA132": 0.0,
    "AA133": 0.0,
    "AA134": 0.005294392088044481,
    "AA136": 0.0,
    "AA137": 0.0,
    "AA138": 0.008691416468936673,
    "AA139": -0.0,
    "AA140": -0.0,
    "AA142": 0.0,
    "AA143": 0.0,
    "AA144": -0.0,
    "AA145": 0.01257151019893156,
    "AA146": 0.0,
    "AA147": 0.0,
    "AA148": 0.00771043070294849,
    "AA149": 0.0,
    "AA150": 0.0,
    "AA151": 0.0,
    "AA152": -0.0,
    "AA153": -0.0,
    "AA154": 0.0,
    "AA155": -0.0,
    "AA156": -0.0,
    "AA157": 0.013544615464731855,
    "AA158": -0.0,
    "AA159": 0.0,
    "AA160": 0.02145630809417074,
    "AA161": -0.0,
    "AA162": -0.0,
    "AA1123": 0.0,
    "AA1124": -0.0,
    "AA1125": 0.0,
    "AA1126": -0.00497939332310523,
    "AA1127": 0.002244904317108191,
    "AA1132": -0.0,
    "AA1133": -0.0008231477906664915,
    "AA1134": 0.0,
    "AA1135": 0.0,
    "AA1136": 0.0,
    "AA1137": -0.0,
    "AA1138": 0.01880294011611373,
    "AA1139": -0.01131781707293082,
    "AA1140": -0.005624341499182872,
    "AA1141": 0.006282295521339876,
    "AA1142": 0.0,
    "AA1143": 0.0,
    "AA1144": -0.0,
    "AA1145": -0.0002180553303963674,
    "AA1146": 0.0,
    "AA1147": 0.004803784206032438,
    "AA1148": -0.0049258205686110385,
    "AA1149": 0.030121039981487036,
    "AA1150": 0.006902071564541469,
    "AA1151": 0.01654405936758938,
    "AA1152": 0.0006963145666610032,
    "AA1153": 0.0,
    "AA1157": 0.0,
    "AA1159": -0.0,
    "AA1160": -0.0062213299759676715,
    "AA1166": 0.0,
    "AA1167": -0.012553426283694,
    "AA1172": 0.001510495876163517,
    "AA1173": -0.00023750524716253596,
    "AA1174": -0.008859983918912276,
    "AA1175": -0.0038314231809482443,
    "AA1176": -0.014275945710421527,
    "AA1177": 0.0,
    "AA1178": -0.010835277094538706,
    "AA1179": -0.005554015971270392,
    "AA1180": 0.0,
    "AA1181": 0.0,
    "AA1182": 0.006814747833018293,
    "AA1183": 0.01675044268379132,
    "AA1184": -0.01047288757052638,
    "AA1185": 0.006912697364051323,
    "AA1186": 0.0,
    "AA1187": 0.007136538350612558,
    "AA1188": 0.0,
    "AA1189": 0.0,
    "AA1190": -0.017075563900061277,
    "AA1191": 0.009079248109351776,
    "AA1192": 0.01206631035720879,
    "AA1193": 0.00843909700347386,
    "AA1194": -0.0,
    "AA1293": -0.0014118001363500271,
    "AA1294": -0.014093226236467967,
    "AA1295": -0.0,
    "AA1296": 0.0,
    "AA1297": -0.0,
    "AA1298": 0.0,
    "AA1300": -0.005541717680385217,
    "AA1301": 0.0,
    "AA1302": 0.0,
    "AA1303": 0.0,
    "AA1304": 0.007628926278432404,
    "AA1305": -0.0,
    "AA1309": 0.0,
    "AA1315": 0.0022123913083105413,
    "AA1316": 0.0,
    "AA1317": -0.004296767613782424,
    "AA1318": -0.0,
    "AA1319": 0.004948564542379572,
    "AA1320": -0.0,
    "AA1321": 0.0,
    "AA1322": -0.005509679487133,
    "AA1323": -0.002546040920212697,
    "AA1324": 0.0,
    "AA1325": -0.0,
    "AA1326": 0.014513787132190103,
    "AA1327": -0.0,
    "AA1328": -0.0,
    "AA1452": -0.00020024813174003377,
    "AA1453": 0.01698703887204101,
    "AA1454": -0.0,
    "AA1455": 0.0,
    "AA1456": 0.006269205317517662,
    "AA1457": -0.0,
    "AA1458": -0.0,
    "AA1459": 0.0,
    "AA1460": -0.002255101063476723,
    "AA1461": -0.0,
    "AA1462": -0.0,
    "AA1463": -0.03635682573840916,
    "AA1464": 0.01027418946741795,
    "AA1465": -0.006914734926129107,
    "AA1466": 0.02732106322004372,
    "AA1467": -0.0,
    "AA1468": -0.0,
    "AA1469": 0.0005871831093636233,
    "AA1470": 0.0,
    "AA1471": 0.023911777775789574,
    "AA1472": -0.0,
    "AA1473": 0.00801788150431754,
    "AA1474": -0.0,
    "AA1475": 0.0,
    "AA1476": -0.0,
    "AA1477": -0.002334826669759579,
    "AA1478": -0.012509515845583402,
    "AA1479": -0.0,
    "AA1480": -0.009112014002649165,
    "AA1481": -0.0,
    "AA1482": -0.018380387202297288,
    "AA1483": -0.018427854652743023,
    "AA1484": -0.004807226557618817,
    "AA1485": -0.0011677392923662385,
    "AA1486": 0.0,
    "AA1487": -0.0014956739399460393,
    "AA1488": -0.00922902334877432,
    "AA1527": 0.02019658855723984,
    "AA1528": -0.011017832339627687,
    "AA1529": -0.0,
    "AA1530": 0.00044162058767702124,
    "AA1531": 0.0035556653776186984,
    "AA1532": 0.0,
    "AA1533": -0.001063883654643502,
    "AA1534": -0.0,
    "AA1535": -0.0,
    "AA1536": -0.0,
    "AA1537": -0.0009754357792136556,
    "AA1538": 0.0003647609116267822,
    "AA1539": -0.005087610422981592,
    "AA1540": -0.006448313640669359,
    "AA1541": -2.637000738992986e-05,
    "AA1545": -0.0,
    "AA1546": 0.00941375559221144,
    "AA1547": 0.0,
    "AA1548": 0.010738312269838854,
    "AA1549": -0.0,
    "AA1550": -0.0023699806467945145,
    "AA1551": -0.0,
    "AA1552": 0.023122545148147655,
    "AA1553": 0.0,
    "AA1554": 0.0004200259498596894,
    "AA1555": -0.0,
    "AA1556": -0.0,
    "AA1557": -0.0,
    "AA1558": 0.0005241615658063464,
    "AA1559": 0.0,
    "AA1560": 0.0,
    "AA1561": 0.011195299716882644,
    "AA1562": 0.0076306376976428445,
    "AA1563": -0.005699675652493253,
    "AA1564": 0.0009175757190252246,
    "AA1565": 0.007777261597761721,
    "AA1566": 0.0,
    "AA1567": 0.0019137025600334551,
    "AA1568": -0.0,
    "AA1569": 0.0,
    "AA1570": -0.0005985041463150697,
    "AA1571": -0.0,
    "AA1572": -0.0047471476022648545,
    "AA1573": 0.0,
    "AA1574": -0.0006087618720394658,
    "AA1575": -0.0,
    "AA1576": 0.0,
    "AA1577": 0.0,
    "AA1578": -0.0066192974380417284,
    "AA1579": -0.0,
    "CC909": 0.0,
    "CC910": -0.0008926245227263796,
    "CC911": -0.0029418906864661916,
    "CC912": -0.00069627341704257,
    "CC913": 0.013205517976667639,
    "CC914": 0.0,
    "CC915": 0.007705566036431227,
    "CC917": 0.019760302709646845,
    "CC918": -0.0,
    "CC919": -0.0,
    "CC920": 0.01374569888803653,
    "CC921": -0.0023938907235496252,
    "CC922": 0.009761120720480587,
    "CC923": -0.0,
    "CC924": 0.0022779302996594752,
    "CC925": -0.004632159915130696,
    "CC926": -0.0021252596656107007,
    "CC927": -0.0,
    "CC928": 0.0,
    "CC929": -0.0011009716592239838,
    "CC935": -0.002914841463705252,
    "CC936": 0.003651071189157082,
    "CC937": 0.006253237333424772,
    "CC940": 0.0011334907564151664,
    "CC941": -0.0,
    "CC942": 0.0,
    "CC943": 0.0049032790666095035,
    "CC944": -0.0035258187836737422,
    "CC945": 0.0,
    "CC946": -0.0,
    "CC948": 0.0,
    "CC949": 0.0,
    "CC950": 0.00943793116884764,
    "CC951": 0.0,
    "CC952": 0.0,
    "CC953": 0.0,
    "CC954": 0.007828823951910873,
    "CC956": -0.0,
    "CC957": 0.0037743137026669087,
    "CC958": 0.0012218564784643132,
    "CC959": 0.014740774726007284,
    "CC960": 0.0,
    "CC961": 0.0,
    "CC962": 0.0,
    "CC964": -0.013302053175685126,
    "CC965": 0.016063746473398092,
    "CC966": 0.0005411594119552641,
    "CC967": 0.010733805277001393,
    "CC968": 0.0,
    "CC969": 0.0017883926807066722,
    "CC970": -0.0,
    "CC1067": 0.0,
    "CC1068": 0.0,
    "CC1069": -0.0016210696764230076,
    "CC1070": -0.010934140904420693,
    "CC1071": -0.0,
    "CC1072": -0.002875951588394352,
    "CC1073": -0.0006682471810493305,