{
    "AA85": 0.0,
    "AA86": 0.0,
    "AA87": -0.030454237952146815,
    "AA88": 0.013577121503080523,
    "AA89": 0.014020588745456412,
    "AA93": 0.020267988726892294,
    "AA94": -0.005304064046469569,
    "AA95": -0.012370396775523136,
    "AA96": -0.012482713148409,
    "AA97": -0.002670105351260776,
    "AA98": -0.0015556932630333316,
    "AA100": 0.0,
    "AA101": 0.007623726206286756,
    "AA102": -0.003194333555875884,
    "AA103": -0.006438885201948668,
    "AA104": 0.014623364601144266,
    "AA106": 0.003142206670911129,
    "AA107": -0.007121665185350424,
    "AA108": 0.008199429908463287,
    "AA109": -0.007898744174009271,
    "AA110": 0.01742510461873153,
    "AA112": -0.0,
    "AA113": -0.00044804589011682324,
    "AA114": 0.0,
    "AA115": 0.0,
    "AA116": 0.0,
    "AA118": 0.0,
    "AA119": -0.0030178886800373487,
    "AA120": -0.0,
    "AA121": 0.0025791196168230227,
    "AA122": 0.0,
    "AA124": -5.195650824645046e-05,
    "AA125": -0.0,
    "AA126": -0.0012869913983547712,
    "AA127": -0.0,
    "AA128": -0.0,
    "AA130": -0.0,
    "AA131": 0.0,
    "AA132": 0.0,
    "AA133": 6.512052374883017e-06,
    "AA134": 0.004983472441373437,
    "AA136": -0.0021970301003936088,
    "AA137": 0.0,
    "AA138": 0.00845649882852613,
    "AA139": 0.0003104048456846713,
    "AA140": 0.0,
    "AA142": -0.0008042636727348045,
    "AA143": 0.0,
    "AA144": -0.0,
    "AA145": 0.001581228744102966,
    "AA146": -0.0,
    "AA147": -0.003321516279198646,
    "AA148": -0.0,
    "AA149": 0.003421997209784525,
    "AA150": 0.005587699452020887,
    "AA151": 0.0,
    "AA152": -0.015023651089940809,
    "AA153": -0.006115776800951171,
    "AA154": 0.00697863429498604,
    "AA155": 0.0,
    "AA156": -0.0018692513537704343,
    "AA157": 0.02058138648635899,
    "AA158": -0.0,
    "AA159": 0.008639589468960223,
    "AA160": 0.025887715909376528,
    "AA161": 0.0,
    "AA162": -0.0,
    "AA1123": 0.0,
    "AA1124": -0.0,
    "AA1125": -0.0007413339637524254,
    "AA1126": -0.005287455681303063,
    "AA1127": 0.006257784028192199,
    "AA1132": -0.005270269607940942,
    "AA1133": -0.004484698127470931,
    "AA1134": 0.0,
    "AA1135": 0.001453941466181272,
    "AA1136": -0.0,
    "AA1137": 0.0,
    "AA1138": 0.01671750438645673,
    "AA1139": -0.010134786740062006,
    "AA1140": -0.012887638806426462,
    "AA1141": 0.008845079005761725,
    "AA1142": 0.0006827709051571876,
    "AA1143": 0.0,
    "AA1144": 0.0008391881225523188,
    "AA1145": -0.0015984992923582613,
    "AA1146": -0.0,
    "AA1147": 0.0034093906083530814,
    "AA1148": -0.0,
    "AA1149": 0.023746491843822562,
    "AA1150": 0.006671301813939516,
    "AA1151": 0.01848152731119215,
    "AA1152": 0.00228682153619317,
    "AA1153": -0.0,
    "AA1157": 0.0034643455306850677,
    "AA1159": -0.0003638404092762294,
    "AA1160": -0.003959704276541925,
    "AA1166": 0.0031651355496924937,
    "AA1167": -0.010688118556880495,
    "AA1172": 0.004246601950869624,
    "AA1173": 0.0020652153265393186,
    "AA1174": -0.011848283701599105,
    "AA1175": -0.003955749944418302,
    "AA1176": -0.00725497459355944,
    "AA1177": 0.0,
    "AA1178": -0.0,
    "AA1179": -0.00028257910146470874,
    "AA1180": -0.0016455600937047756,
    "AA1181": 0.00046810502346649206,
    "AA1182": 0.012466917706767059,
    "AA1183": 0.01251077724315477,
    "AA1184": -0.008514317659221006,
    "AA1185": 0.006187548226977189,
    "AA1186": 0.0016216251771055512,
    "AA1187": 0.0019437207741944901,
    "AA1188": 0.0011703681906839766,
    "AA1189": 0.0035490142228658847,
    "AA1190": -0.013188939989865098,
    "AA1191": 0.005107541515166367,
    "AA1192": 0.011745573213255249,
    "AA1193": 0.010975547700038335,
    "AA1194": 0.00209115057926145,
    "AA1293": -0.0005004022409566096,
    "AA1294": -0.013095246774408351,
    "AA1295": 0.00011158428453128283,
    "AA1296": -0.0,
    "AA1297": -0.0,
    "AA1298": 0.002793139955070598,
    "AA1300": -0.004100995536495421,
    "AA1301": -0.0,
    "AA1302": 0.0,
    "AA1303": 0.0,
    "AA1304": 0.00337240892688246,
    "AA1305": -0.0015217063544817628,
    "AA1309": 0.0025634653890833966,
    "AA1315": 0.003046915148659496,
    "AA1316": 0.0,
    "AA1317": -0.008891530692947836,
    "AA1318": -0.002762068699535038,
    "AA1319": 0.003084376630098475,
    "AA1320": -0.0011721934737106412,
    "AA1321": 0.0020033183365795724,
    "AA1322": -0.0034143789769108452,
    "AA1323": -0.0009359177126065757,
    "AA1324": 0.0009929832693910063,
    "AA1325": -0.0013195425073133295,
    "AA1326": 0.010498892113328523,
    "AA1327": -0.001177297963815294,
    "AA1328": 0.0012327475840733003,
    "AA1452": -0.009826080099554008,
    "AA1453": 0.012612039964754506,
    "AA1454": -0.0,
    "AA1455": 0.003363853826956869,
    "AA1456": 0.002424341889260254,
    "AA1457": -0.0,
    "AA1458": 0.0002701497217366271,
    "AA1459": 0.0011420964768565905,
    "AA1460": -0.0017610097867379936,
    "AA1461": -0.0016497664418965157,
    "AA1462": -0.0034739997607904525,
    "AA1463": -0.03303723438445488,
    "AA1464": 0.008359895187199772,
    "AA1465": -0.0027466581778799667,
    "AA1466": 0.016057470600582862,
    "AA1467": -0.008757170852268834,
    "AA1468": 0.0,
    "AA1469": 0.005639103050565012,
    "AA1470": 0.011302804766879032,
    "AA1471": 0.027514874445275533,
    "AA1472": -0.00036567349696510704,
    "AA1473": 0.00479353698684735,
    "AA1474": -0.0036477117069299097,
    "AA1475": -0.001478596742897205,
    "AA1476": 0.0010297019052070318,
    "AA1477": -0.007324553291152203,
    "AA1478": -0.010070915174307955,
    "AA1479": -0.009763252915806977,
    "AA1480": -0.011507942504524278,
    "AA1481": -0.0,
    "AA1482": -0.014223838623119316,
    "AA1483": -0.01210248624089852,
    "AA1484": -0.003652187452078049,
    "AA1485": -0.004496708035268802,
    "AA1486": 0.0,
    "AA1487": -0.0,
    "AA1488": -0.011704090678101128,
    "AA1527": 0.02012389886699128,
    "AA1528": -0.008913440108089532,
    "AA1529": -0.0,
    "AA1530": 0.006957104219362558,
    "AA1531": 0.005457041869627902,
    "AA1532": -0.0,
    "AA1533": -0.004815168658376081,
    "AA1534": -0.0,
    "AA1535": -0.0004676415501005403,
    "AA1536": -0.002321275345700896,
    "AA1537": -0.006234595813727955,
    "AA1538": 0.00665202709899694,
    "AA1539": -0.00787346005753876,
    "AA1540": -0.007217546418154078,
    "AA1541": -0.0005918291617813404,
    "AA1545": -0.00041349398889615997,
    "AA1546": 0.0065693297624439895,
    "AA1547": -0.0,
    "AA1548": 0.014091665246106925,
    "AA1549": -0.0,
    "AA1550": -0.009508490431653862,
    "AA1551": -0.0016011421064391043,
    "AA1552": 0.022539343138952762,
    "AA1553": 0.0001850315529464718,
    "AA1554": 0.0044172605999849845,
    "AA1555": -0.0,
    "AA1556": -0.0006653428659068072,
    "AA1557": -0.004016698899160809,
    "AA1558": 0.003969624647849989,
    "AA1559": 0.00025313521722079526,
    "AA1560": 0.0046398728820490325,
    "AA1561": 0.0023051892621753986,
    "AA1562": 0.004488987739329243,
    "AA1563": -1.4169516529140163e-05,
    "AA1564": 0.007342906853481987,
    "AA1565": 0.003344197627273867,
    "AA1566": 0.0008265408045314084,
    "AA1567": 0.002232181547538663,
    "AA1568": -0.001848412354521907,
    "AA1569": 0.0,
    "AA1570": -0.0012663597064116513,
    "AA1571": 0.0015381070057997003,
    "AA1572": -0.005292773566375769,
    "AA1573": -0.0009363332028273668,
    "AA1574": -0.002602645662370453,
    "AA1575": -0.0,
    "AA1576": 0.000874563448262402,
    "AA1577": 0.002700830077999447,
    "AA1578": -0.00500625933350901,
    "AA1579": -0.006991590468740411,
    "CC909": 0.001670597214690438,
    "CC910": -0.008788533592395027,
    "CC911": -0.0,
    "CC912": -0.0005297671085820045,
    "CC913": 0.009711594352936753,
    "CC914": -0.0,
    "CC915": 0.007018069701440845,
    "CC917": 0.022717434896466868,
    "CC918": -0.0,
    "CC919": -0.005687764554940177,
    "CC920": 0.011020879689760194,
    "CC921": -0.004668683616377087,