{
    "rmse": 0.4164010803992721,
    "mse": 0.17338985975768106,
    "mae": 0.35421677488407444
}