{
    "rmse": 0.4073857198563536,
    "mse": 0.1659631247428794,
    "mae": 0.3375661003597713
}