{
    "rmse": 0.3998272129782658,
    "mse": 0.1598618002379675,
    "mae": 0.31219857315003713
}