{
    "rmse": 0.4597919016226007,
    "mse": 0.2114085927977273,
    "mae": 0.3994165649420017
}