{
    "rmse": 0.32251269827488155,
    "mse": 0.10401444054854478,
    "mae": 0.44039681307170403
}