{
    "rmse": 0.43237202209702535,
    "mse": 0.18694556549227057,
    "mae": 0.37298221737485826
}