{
    "rmse": 0.39645731703926673,
    "mse": 0.15717840423397364,
    "mae": 0.3340110878967234
}