{
    "rmse": 0.3724901624414684,
    "mse": 0.1387489211156715,
    "mae": 0.3058442506269757
}