{
    "rmse": 0.3064393008806398,
    "mse": 0.0939050451242153,
    "mae": 0.38953946407091733
}