{
    "rmse": 0.4195028641021521,
    "mse": 0.17598265298990867,
    "mae": 0.35920336616384596
}