{
    "rmse": 0.40061070501608553,
    "mse": 0.1604889369734851,
    "mae": 0.34087508888970397
}