{
    "rmse": 0.3670614137886092,
    "mse": 0.13473408149249258,
    "mae": 0.2880672488419223
}