{
    "rmse": 0.36864310776427056,
    "mse": 0.1358977409020996,
    "mae": 0.28541332938870684
}