{
    "rmse": 0.3595466179920718,
    "mse": 0.1292737705095368,
    "mae": 0.28112081421005464
}