{
    "mse": 0.12753008944228642,
    "rmse": 0.35711355258836985,
    "mae": 0.2509728801898853
}