{
    "mse": 0.1265772709028228,
    "rmse": 0.355776996028162,
    "mae": 0.2491717512447749
}