{
    "mse": 0.1402601827299782,
    "rmse": 0.37451326108694494,
    "mae": 0.26991031561277734
}