{
    "mse": 0.14140727207359013,
    "rmse": 0.3760415829048566,
    "mae": 0.2613806180796736
}