{
    "mse": 0.1449312608596525,
    "rmse": 0.3806983856803867,
    "mae": 0.25749275516927106
}