{
    "rmse": 0.36982276358202054,
    "mse": 0.13676887646344307,
    "mae": 0.28356493992769594
}