{
    "mean_RSS_Q1": -0.0073453878149989625,
    "imm": 0.023405650093151105,
    "income_mother": 0.007185715682372991,
    "income_father": -0.0028199883614093103,
    "mean_SWLS_Q1": -0.030967114129169748,
    "mean_RSS_Q3": 0.00029684276499507403,
    "mean_SWLS_Q3": -0.03788845554472103,
    "mean_gse": 0.019298281992579075,
    "mean_anger": -0.011843361234238778,
    "mean_RSES": 0.001911636575987534,
    "mean_scl_Q1": 0.053560896459955515,
    "mean_scl_Q3": 0.10465262697424195,
    "LTH_of_MD_agg": -0.025229567436384482,
    "ss_bin": -0.026287001475020954,
    "edu_bin": -0.0005351806699620957,
    "abuse_bin": -0.0016817072043303412,
    "ALE_bin_Q3": 0.007018372931172806
}