{
    "AA85": 0.037900693216405906,
    "AA86": -0.005682542551476208,
    "AA87": 0.00588256068651174,
    "AA88": -0.02152859058217866,
    "AA89": 0.015127641275988354,
    "AA93": -0.003964145610802932,
    "AA94": -0.0065255698775661475,
    "AA95": 0.010160572676892573,
    "AA96": -0.022603286142891962,
    "AA97": -0.004782171726167389,
    "AA98": 0.004430337027319562,
    "AA100": -0.015723104199259402,
    "AA101": 0.008081018531753742,
    "AA102": -0.010533079158196172,
    "AA103": 0.005907734591897938,
    "AA104": 0.004605218566801107,
    "AA106": -0.008739535546803939,
    "AA107": 0.005792929620930198,
    "AA108": 0.00629256376439458,
    "AA109": 0.0012573683405541272,
    "AA110": 0.00045832523764881625,
    "AA112": -0.006814935552036989,
    "AA113": -0.009356402146312635,
    "AA114": -0.006661139058224744,
    "AA115": 0.004231891422709054,
    "AA116": -9.86943123704385e-06,
    "AA118": -0.004273160081539655,
    "AA119": -0.0011274167772646621,
    "AA120": -0.010457541061335118,
    "AA121": 0.000992383365279358,
    "AA122": -0.005554740633593828,
    "AA124": -0.0029916712149895552,
    "AA125": 0.01048135631864406,
    "AA126": -0.0037953061897761354,
    "AA127": 0.0001610410505496026,
    "AA128": 0.006496299972101362,
    "AA130": 0.0025386000596308235,
    "AA131": 0.01008005484209863,
    "AA132": 0.008955883631407355,
    "AA133": 0.00657465788822864,
    "AA134": 0.010415181638165754,
    "AA136": 0.0017722552250879395,
    "AA137": -0.0012659386283126967,
    "AA138": 0.006753177670482776,
    "AA139": -0.00712198448876724,
    "AA140": 0.0006923972347598351,
    "AA142": 0.01346339483910171,
    "AA143": 0.0026070037989250907,
    "AA144": 0.0,
    "AA145": 0.0033660498186992667,
    "AA146": 0.0,
    "AA147": 0.008570874043750355,
    "AA148": 0.009975712653051277,
    "AA149": -0.011486981896397653,
    "AA150": -0.00011767500425526717,
    "AA151": -0.0011824413136194629,
    "AA152": -0.006301698474577414,
    "AA153": 0.01513752576627833,
    "AA154": -0.0012988417127576574,
    "AA155": -0.00502983274186384,
    "AA156": 0.00995335510515425,
    "AA157": 0.004114772023771127,
    "AA158": -0.0018425112314600159,
    "AA159": 0.00027031242902600736,
    "AA160": -0.0040054076671012,
    "AA161": 0.004061821912745857,
    "AA162": 0.008834453737259593,
    "AA1123": 0.008667285773319098,
    "AA1124": 0.0,
    "AA1125": -0.008901421264808675,
    "AA1126": -0.010991635862032825,
    "AA1127": 0.004162783094822281,
    "AA1132": -0.0023425920212108613,
    "AA1133": 0.013133961044037782,
    "AA1134": -0.004979251459693166,
    "AA1135": -0.01026605620836515,
    "AA1136": -0.002664206286210995,
    "AA1137": 0.014141569404266795,
    "AA1138": -0.00016983257412897664,
    "AA1139": -0.0021021213513465224,
    "AA1140": 0.0007979787985905384,
    "AA1141": -0.00013765689444050923,
    "AA1142": 0.01002320036526159,
    "AA1143": 0.0003269638986844268,
    "AA1144": -0.002047074204006062,
    "AA1145": -0.0,
    "AA1146": -0.0023767771955786636,
    "AA1147": -0.005529155690006256,
    "AA1148": -0.002970857049234201,
    "AA1149": 0.009356123875023652,
    "AA1150": 0.0010713702538488498,
    "AA1151": -0.003116561638202376,
    "AA1152": 0.011404524841252818,
    "AA1153": 0.011961684462298361,
    "AA1157": -0.011551496369506614,
    "AA1159": -0.012605201977806894,
    "AA1160": -0.0,
    "AA1166": 0.0007656899580866996,
    "AA1167": -0.006051084384557653,
    "AA1172": 0.0034423595202557147,
    "AA1173": 0.003134002501555143,
    "AA1174": 0.008194683803695228,
    "AA1175": 0.0014411379949026274,
    "AA1176": 0.00512075332633215,
    "AA1177": -0.006684403018797771,
    "AA1178": -0.0005717440343206188,
    "AA1179": -0.007903641558741036,
    "AA1180": -0.0,
    "AA1181": 0.0027628520291542243,
    "AA1182": 0.006938585139657942,
    "AA1183": -0.0,
    "AA1184": 0.0031612127981180717,
    "AA1185": -0.0,
    "AA1186": 0.004684282073552325,
    "AA1187": -0.00187872752940069,
    "AA1188": -0.024034287203187458,
    "AA1189": 0.0,
    "AA1190": -0.009209462107156691,
    "AA1191": 0.0,
    "AA1192": 0.0002881819918584781,
    "AA1193": 0.0,
    "AA1194": -0.007354346497227669,
    "AA1293": 0.0,
    "AA1294": 0.0,
    "AA1295": -0.0010966290954708261,
    "AA1296": -0.0,
    "AA1297": 0.005386913700999953,
    "AA1298": -0.0,
    "AA1300": -0.0016070033455829636,
    "AA1301": 0.015098666298126518,
    "AA1302": -0.0031175780774263667,
    "AA1303": 0.0007261902127262242,
    "AA1304": 0.0013321641406838273,
    "AA1305": 0.0018645984990037364,
    "AA1309": -0.0,
    "AA1315": -0.005590925755363531,
    "AA1316": -0.0,
    "AA1317": -0.00332928862370271,
    "AA1318": 0.005211268859646431,
    "AA1319": -0.0034746464573330617,
    "AA1320": 0.0030119922988484245,
    "AA1321": 0.006602702807625066,
    "AA1322": -0.002327736270815631,
    "AA1323": 0.005198693246093814,
    "AA1324": 0.006334360602268855,
    "AA1325": 0.005777374993794639,
    "AA1326": 0.0,
    "AA1327": -0.019803899742517,
    "AA1328": 0.01505145907066207,
    "AA1452": 0.004969975518845934,
    "AA1453": -0.0068691231219418095,
    "AA1454": -0.0,
    "AA1455": 0.004163560305076803,
    "AA1456": -0.001487064646213802,
    "AA1457": 0.0,
    "AA1458": -0.002732445335088909,
    "AA1459": -0.005695289356199014,
    "AA1460": -0.0,
    "AA1461": -0.00048017388704750367,
    "AA1462": 0.0,
    "AA1463": -0.004039950991734663,
    "AA1464": -0.0,
    "AA1465": 0.0029588795278617745,
    "AA1466": -0.0033119932650988457,
    "AA1467": -0.004294732820907123,
    "AA1468": 0.007790409480872855,
    "AA1469": 0.0006769823106340486,
    "AA1470": 0.0,
    "AA1471": 0.005844345961599805,
    "AA1472": -0.006336943872091956,
    "AA1473": -0.0077992171425881945,
    "AA1474": -0.004627833815188585,
    "AA1475": 0.0007182096281487941,
    "AA1476": 0.003807203794290814,
    "AA1477": 0.0,
    "AA1478": 0.0,
    "AA1479": 0.0,
    "AA1480": -0.013275828587163932,
    "AA1481": -0.0,
    "AA1482": -0.0,
    "AA1483": 0.0036241130211327895,
    "AA1484": 0.0019268585146232976,
    "AA1485": 0.0011419710324598676,
    "AA1486": 0.00018619974364947355,
    "AA1487": 0.012228769063019828,
    "AA1488": -0.0,
    "AA1527": 0.007387709619662788,
    "AA1528": -0.0,
    "AA1529": 0.009982316858387727,
    "AA1530": -0.0,
    "AA1531": 0.0009051180896517745,
    "AA1532": 0.0,
    "AA1533": -0.006864449956809872,
    "AA1534": -0.007930010755707182,
    "AA1535": -0.01214879261302006,
    "AA1536": 0.0005103117918641078,
    "AA1537": -0.006752014944194649,
    "AA1538": 0.005259717026936598,
    "AA1539": -0.0067526269496919165,
    "AA1540": 0.008711881820839231,
    "AA1541": -0.00010626594530189001,
    "AA1545": 0.0017659873991526685,
    "AA1546": 0.002010171223376359,
    "AA1547": 0.0,
    "AA1548": 0.006111766823696225,
    "AA1549": 0.002494429496210543,
    "AA1550": -0.01150608386581273,
    "AA1551": 0.004458564780602717,
    "AA1552": -0.0018699353439889169,
    "AA1553": -0.0,
    "AA1554": -0.007742095991297245,
    "AA1555": -0.014837316210974364,
    "AA1556": 0.0012042487827653699,
    "AA1557": -0.0,
    "AA1558": 0.0,
    "AA1559": -0.0011383021607144802,
    "AA1560": -0.0,
    "AA1561": 1.0045437394277867e-05,
    "AA1562": 0.0,
    "AA1563": 0.009998922893910958,
    "AA1564": -0.00588196353520771,
    "AA1565": -0.0,
    "AA1566": 0.004511710739360936,
    "AA1567": -0.0,
    "AA1568": -0.0,
    "AA1569": 0.0,
    "AA1570": -0.003962415996923722,
    "AA1571": 0.0006746865351187541,
    "AA1572": -0.007473398953276972,
    "AA1573": -0.0013240217735385948,
    "AA1574": -0.0,
    "AA1575": 0.004462813164075845,
    "AA1576": 0.012232714307896565,
    "AA1577": -0.00038931199901366366,
    "AA1578": 0.001718222665159017,
    "AA1579": 0.0,
    "CC909": -0.0,
    "CC910": 0.006319468303267884,
    "CC911": -0.002148532735649172,
    "CC912": 0.0,
    "CC913": 0.005590165290228059,
    "CC914": -0.005216836689605772,