{
    "alpha": 0.3974878699844042,
    "l1_ratio": 0.029293883639904927
}