{
    "mse": 0.14470418908270982,
    "rmse": 0.3804000382264831,
    "mae": 0.2807231177949693
}