{
    "rmse": 0.4434914114913947,
    "mse": 0.1966846320666296,
    "mae": 0.33350823164082727
}