{
    "AA1151": 0.0419235221540818,
    "AA1454": -0.04183879962561424,
    "AA1469": 0.007226409950253245,
    "AA1471": 0.01951447908124698,
    "AA1472": 0.013161014661513815,
    "AA1473": 0.005309099986718424,
    "AA1480": -0.02772541387922207,
    "AA1482": -0.004270711247451164,
    "AA1483": -0.015165693456159037,
    "AA1484": -0.0719177284131953,
    "AA1485": -0.04449683432032334,
    "CC953": 0.011074519828964166,
    "CC957": 0.029631821389198197,
    "CC961": 0.026924363512607206
}