{
    "AA85": -0.0027742533077942215,
    "AA86": -0.0,
    "AA87": -0.018051915439209316,
    "AA88": -0.012080931507804154,
    "AA89": -0.0017751745222500121,
    "AA93": -0.0,
    "AA94": -0.0,
    "AA95": -0.0,
    "AA96": -0.008029107297416106,
    "AA97": -0.0,
    "AA98": 0.0,
    "AA100": 0.006508415104222869,
    "AA101": -0.012966071540460524,
    "AA102": 0.009156662519516466,
    "AA103": 0.0,
    "AA104": 0.011164047875503196,
    "AA106": 0.002604143047636548,
    "AA107": -0.006636340492604308,
    "AA108": 0.0,
    "AA109": 0.0004309292409625312,
    "AA110": -0.011747687835776125,
    "AA112": -0.004063879544433638,
    "AA113": 0.0,
    "AA114": 0.0011381411271711606,
    "AA115": -0.0,
    "AA116": 0.007974150858404309,
    "AA118": 0.0,
    "AA119": 0.0020939981663062714,
    "AA120": -0.009629484805391088,
    "AA121": -0.004727920363706892,
    "AA122": 0.003516865915109722,
    "AA124": -0.0006469823185321276,
    "AA125": 0.0,
    "AA126": 0.0,
    "AA127": 0.0,
    "AA128": 0.00421003632346001,
    "AA130": 0.0,
    "AA131": 0.0012523599605810734,
    "AA132": 0.001977059688423759,
    "AA133": 0.0,
    "AA134": 1.6403965227219453e-05,
    "AA136": -0.0035328976789890886,
    "AA137": -0.0,
    "AA138": 0.0036356585611083546,
    "AA139": -0.0,
    "AA140": 0.0,
    "AA142": -0.0,
    "AA143": -0.0,
    "AA144": -0.0003228818168452684,
    "AA145": -0.0,
    "AA146": 0.0,
    "AA147": -0.0,
    "AA148": -0.0016199352353725189,
    "AA149": 0.0033002905698538147,
    "AA150": -0.0,
    "AA151": -0.0,
    "AA152": 0.004635750062110061,
    "AA153": 0.0,
    "AA154": 0.004234185097285126,
    "AA155": -0.0,
    "AA156": -0.011194776365947894,
    "AA157": -0.0007227486967337014,
    "AA158": 0.013886101854454633,
    "AA159": 0.005282826694906249,
    "AA160": 0.012975894402279364,
    "AA161": 0.0,
    "AA162": -0.0017241561511671885,
    "AA1123": 0.0020752462775192274,
    "AA1124": 0.0032543348283092808,
    "AA1125": -0.0012394825865911783,
    "AA1126": 0.001964801645436543,
    "AA1127": 0.004858438911718598,
    "AA1132": -0.004110158403278654,
    "AA1133": 0.00658903129573816,
    "AA1134": 0.0008209406663232737,
    "AA1135": -0.00011223757598669115,
    "AA1136": -0.0009522225403650412,
    "AA1137": -0.013164009978447999,
    "AA1138": -0.0015019538255496246,
    "AA1139": 0.007095119957484346,
    "AA1140": 0.0024881654807879707,
    "AA1141": 0.008044087864243373,
    "AA1142": 0.003136234170690899,
    "AA1143": 0.0038283819389308576,
    "AA1144": 0.0,
    "AA1145": 0.005136527117691491,
    "AA1146": -0.0,
    "AA1147": 0.0084186799391743,
    "AA1148": 0.006913134932628301,
    "AA1149": 0.009742128184826608,
    "AA1150": 0.009499971995863157,
    "AA1151": -0.0031873619096972595,
    "AA1152": -0.0,
    "AA1153": -0.0018348646685106772,
    "AA1157": 0.000670722745099852,
    "AA1159": 0.0023889781390328477,
    "AA1160": -0.010598867039644369,
    "AA1166": -0.0020813070480395954,
    "AA1167": -0.006281380325533314,
    "AA1172": 0.0,
    "AA1173": -0.00020347782858063176,
    "AA1174": -0.018495530681580507,
    "AA1175": -0.0012586451172844112,
    "AA1176": 0.003382224633877221,
    "AA1177": 0.0,
    "AA1178": 0.006396427231573641,
    "AA1179": -0.0,
    "AA1180": 0.006833302274876239,
    "AA1181": 0.004334994499082356,
    "AA1182": 0.02082138696680514,
    "AA1183": -0.005198926708370547,
    "AA1184": 0.011691100671604717,
    "AA1185": 0.017306652513302403,
    "AA1186": 0.015212410775340817,
    "AA1187": 0.0044736034007603126,
    "AA1188": 0.0067283758914004855,
    "AA1189": 0.0058816072110978385,
    "AA1190": -0.00395293459839543,
    "AA1191": 0.0,
    "AA1192": 0.0037479129904557304,
    "AA1193": 0.0,
    "AA1194": 0.0066226751734539575,
    "AA1293": 0.009948066909249171,
    "AA1294": 0.003892277255724511,
    "AA1295": -0.0020634383778011436,
    "AA1296": 0.0,
    "AA1297": 0.0050584199429455304,
    "AA1298": -0.010972386131242939,
    "AA1300": 0.009405438326403788,
    "AA1301": -0.0,
    "AA1302": -0.005638211566816309,
    "AA1303": -0.003579652997907962,
    "AA1304": 0.007661203755605245,
    "AA1305": 0.00021184910352003034,
    "AA1309": -0.0,
    "AA1315": -0.0,
    "AA1316": 0.004388185421853795,
    "AA1317": 0.001103054576469799,
    "AA1318": 0.0,
    "AA1319": 0.002407997302417382,
    "AA1320": -0.00036133992755109574,
    "AA1321": 0.006395120792639765,
    "AA1322": 0.0011966635701281263,
    "AA1323": 0.0023084148362990382,
    "AA1324": 0.0009079079418699385,
    "AA1325": -0.0006667026956239771,
    "AA1326": 0.0,
    "AA1327": -0.0031022090412622786,
    "AA1328": 0.00011546081987473112,
    "AA1452": -0.024765026337705668,
    "AA1453": 0.004020041365494392,
    "AA1454": 0.0034482922269609864,
    "AA1455": 0.001488215388426346,
    "AA1456": -0.0,
    "AA1457": -0.005112327610285516,
    "AA1458": 3.7226432313758026e-05,
    "AA1459": 0.005337746285045154,
    "AA1460": -0.0,
    "AA1461": 0.003813880565509826,
    "AA1462": -0.011444802249927097,
    "AA1463": 0.00032872535119594915,
    "AA1464": 0.00894323401504296,
    "AA1465": -0.0,
    "AA1466": 0.0018179951573992787,
    "AA1467": 0.0,
    "AA1468": -0.0,
    "AA1469": 0.017693602583953152,
    "AA1470": 0.0034978475974789622,
    "AA1471": 0.004236448200523054,
    "AA1472": -0.0058793402211237775,
    "AA1473": 0.0,
    "AA1474": -0.0,
    "AA1475": -0.0034838088911285756,
    "AA1476": 0.007367612426387577,
    "AA1477": -0.006060153697185976,
    "AA1478": -0.01689261487644663,
    "AA1479": 0.007532187577530185,
    "AA1480": -0.008069936337147003,
    "AA1481": -0.015004332022775398,
    "AA1482": -0.023866275726451135,
    "AA1483": -0.02475945896639413,
    "AA1484": -0.002830086393280751,
    "AA1485": 0.0006386409748058113,
    "AA1486": -0.0,
    "AA1487": 0.008109538385949638,
    "AA1488": -0.012181316561394132,
    "AA1527": 0.0,
    "AA1528": 0.0009053205627151448,
    "AA1529": 0.0,
    "AA1530": -0.0,
    "AA1531": 0.0020240615033265876,
    "AA1532": 0.0,
    "AA1533": -0.0075095996067523355,
    "AA1534": -0.006558456798830737,
    "AA1535": 0.008273248351492391,
    "AA1536": -0.0,
    "AA1537": -0.0,
    "AA1538": 0.009623555853635805,
    "AA1539": -0.006860852115452391,
    "AA1540": -0.0,
    "AA1541": -5.907550275663793e-05,
    "AA1545": 0.0,
    "AA1546": 0.0024975443632485545,
    "AA1547": -0.0049571706082611865,
    "AA1548": 0.001288382326279106,
    "AA1549": 0.0,
    "AA1550": 0.0058106906882181295,
    "AA1551": 0.006613949208499348,
    "AA1552": 0.02212749281340431,
    "AA1553": 0.009429763030664486,
    "AA1554": -0.0,
    "AA1555": -0.0005383111251330097,
    "AA1556": -0.0,
    "AA1557": -0.015233789750771963,
    "AA1558": 0.015303691999599143,
    "AA1559": -0.0020913700827057294,
    "AA1560": 0.022335435741078737,
    "AA1561": 0.0,
    "AA1562": 0.0034831729896373604,
    "AA1563": 0.011137017520932208,
    "AA1564": -0.017589054159714824,
    "AA1565": -0.0011371272882040567,
    "AA1566": -0.005105682022183739,
    "AA1567": -0.0,
    "AA1568": -0.0017980244056645324,
    "AA1569": -0.0020321409819918806,
    "AA1570": -0.004843800217870232,
    "AA1571": -0.001140814100368281,
    "AA1572": -0.002798346771013312,
    "AA1573": 0.0023744213584412184,
    "AA1574": 0.00036025974324589325,
    "AA1575": -0.0003125544570767872,
    "AA1576": 0.0025806802177818482,
    "AA1577": 0.006886568637168768,
    "AA1578": 0.0,
    "AA1579": 0.0,
    "CC909": -3.240609385462375e-06,
    "CC910": -0.0,
    "CC911": 0.005609738477876805,
    "CC912": -0.0,
    "CC913": -0.0,
    "CC914": 0.00029264064291273373,
    "CC915": -0.005781545807794323,
    "CC917": 0.018105273275886825,
    "CC918": 0.005820661499718085,
    "CC919": -0.0033342225702522625,
    "CC920": -0.00046805233190330486,
    "CC921": 0.0008475571161849454,
    "CC922": 0.0015126900075931903,
    "CC923": -0.004432127292418074,
    "CC924": 0.0011178205750900514,
    "CC925": -0.0049993405527155215,