{
    "rmse": 0.39224180655228985,
    "mse": 0.15385363480740397,
    "mae": 0.31864210238446444
}