{
    "rmse": 0.3477445692677834,
    "mse": 0.1209262854552362,
    "mae": 0.24711799518659106
}