{
    "rmse": 0.38027664752243073,
    "mse": 0.14461032865089904,
    "mae": 0.28966639519805676
}