{
    "rmse": 0.3927173082999352,
    "mse": 0.15422688423834635,
    "mae": 0.3035837626514699
}