{
    "rmse": 0.31887594737681746,
    "mse": 0.10168186981546284,
    "mae": 0.39979982809920656
}