{
    "rmse": 0.41355254129952135,
    "mse": 0.17102570441529233,
    "mae": 0.31708268113659616
}