{
    "mse": 0.17487730619446887,
    "rmse": 0.4181833404076122,
    "mae": 0.30723809284887843
}