{
    "rmse": 0.39278323312571106,
    "mse": 0.15427866822468667,
    "mae": 0.2988419584346274
}