{
    "rmse": 0.4134323713029805,
    "mse": 0.17092632564120555,
    "mae": 0.3302947396579384
}