{
    "rmse": 0.2712835616125663,
    "mse": 0.07359477080119904,
    "mae": 0.44667983463170335
}