{
    "rmse": 0.38542125530493454,
    "mse": 0.14854954404083154
}