{
    "rmse": 0.41528462238981123,
    "mse": 0.1724613175934481,
    "mae": 0.32637737608599726
}