{
    "rmse": 0.38993056651500724,
    "mse": 0.15204584670271448
}