{
    "rmse": 0.3751789249773025,
    "mse": 0.14075922574712435,
    "mae": 0.28887394900890795
}