{
    "mse": 0.16442978488191465,
    "rmse": 0.40549942648777526,
    "mae": 0.28629079058075085
}