{
    "mse": 0.16091344553466874,
    "rmse": 0.40114018189987993,
    "mae": 0.28801914589372635
}