{
    "rmse": 0.2755745845823588,
    "mse": 0.0759413516677396,
    "mae": 0.3224464032086665
}