{
    "rmse": 0.3893903328356029,
    "mse": 0.15162483130582163,
    "mae": 0.3155425513252068
}