{
    "rmse": 0.3827197339257129,
    "mse": 0.1464743947361685,
    "mae": 0.3096920897221305
}