{
    "rmse": 0.3897836651045445,
    "mse": 0.1519313055823317,
    "mae": 0.2976636791749802
}