{
    "mse": 0.13839546561456578,
    "rmse": 0.3720154104530695,
    "mae": 0.2915658526205962
}