{
    "mse": 0.12568275621582228,
    "rmse": 0.35451763879364634,
    "mae": 0.2553066955116025
}