{
    "mse": 0.0961702250223751,
    "rmse": 0.3101132454803811,
    "mae": 0.21230676337294568
}