{
    "rmse": 0.3576962159751692,
    "mse": 0.1279465829229549,
    "mae": 0.2726301174145783
}