{
    "rmse": 0.36452377490692056,
    "mse": 0.1328775824723913,
    "mae": 0.2740738727000972
}