{
    "rmse": 0.39233725077067244,
    "mse": 0.15392851834228952,
    "mae": 0.2993075930784126
}