{
    "rmse": 0.33058369190402004,
    "mse": 0.10928557735289203,
    "mae": 0.23115138794325005
}