{
    "alpha": 0.007136492561399044,
    "l1_ratio": 0.09554112029855544
}