{
    "num_components": 289,
    "rmse": 0.426751417897436,
    "mse": 0.18211677267747203,
    "mae": 0.3304090043944703
}