{
    "num_components": 289,
    "rmse": 0.37815245385013135,
    "mse": 0.1429992783528757,
    "mae": 0.2679353878909066
}