{
    "mse": 0.17776234053008394,
    "rmse": 0.4216187146345427,
    "mae": 0.3067205372894265
}