{
    "rmse": 0.37487076364489874,
    "mse": 0.14052808943570955,
    "mae": 0.26382262757637587
}