{
    "rmse": 0.44115427781435235,
    "mse": 0.19461709683390277,
    "mae": 0.34042532640841633
}