{
    "rmse": 0.42158106063528467,
    "mse": 0.17773059068637156,
    "mae": 0.3250252343730344
}