{
    "num_components": 289,
    "rmse": 0.38852650900640845,
    "mse": 0.15095284820070679,
    "mae": 0.30077461329448973
}