{
    "num_components": 289,
    "rmse": 0.34972938195551995,
    "mse": 0.12231064060298995,
    "mae": 0.24960711606713032
}