{
    "rmse": 0.2632112424853829,
    "mse": 0.06928015817069905,
    "mae": 0.19967896017450518
}