{
    "rmse": 0.2614622429683634,
    "mse": 0.0683625044980475,
    "mae": 0.3731562495007742
}