{
    "rmse": 0.3975205783223848,
    "mse": 0.15802261018976327,
    "mae": 0.31919009309295826
}