{
    "rmse": 0.36743263300469675,
    "mse": 0.13500673979676417,
    "mae": 0.30675395348791384
}