{
    "rmse": 0.33670056438803525,
    "mse": 0.11336727005922145,
    "mae": 0.39492624786863406
}