{
    "rmse": 0.3612467263168746,
    "mse": 0.13049919727465892,
    "mae": 0.3086444619885565
}