{
    "num_components": 289,
    "rmse": 0.33370713190023166,
    "mse": 0.1113604498810786,
    "mae": 0.23409695610000272
}