{
    "num_components": 289,
    "rmse": 0.37748298136658986,
    "mse": 0.14249340122140922,
    "mae": 0.2895747480343601
}