{
    "mse": 0.09549231715980877,
    "rmse": 0.30901831201371993,
    "mae": 0.22471245628700803
}