{
    "rmse": 0.3598217483679564,
    "mse": 0.12947169059857294,
    "mae": 0.2963427967991633
}