{
    "rmse": 0.3797671479834133,
    "mse": 0.14422308668745576,
    "mae": 0.3285368085605155
}