{
    "rmse": 0.39584975152293217,
    "mse": 0.15669702578076714,
    "mae": 0.3422150218255216
}