{
    "rmse": 0.2866307031075602,
    "mse": 0.08215715996393433,
    "mae": 0.400819993197715
}