{
    "rmse": 0.34809156491430765,
    "mse": 0.12116773756449167,
    "mae": 0.2782855548980826
}